Rk,Name,Age,Tm,PA,Outs,RC,RC/G,AIR,BAbip,BA,lgBA,OBP,lgOBP,SLG,lgSLG,OPS,lgOPS,OPS+,OWn%,BtRuns,BtWins,TotA,SecA,ISO,PwrSpd,Pos Summary
1,José Abreu\abreujo02,34,CHW,38,28,4,3.8,90,.250,.212,.235,.289,.312,.424,.388,.714,.701,102,.398,0.1,0.0,.704,.364,.212,1.3,*/3
2,Ronald Acuna Jr.\acunaro01,23,ATL,30,17,11,17.2,93,.421,.393,.230,.433,.315,.857,.398,1.290,.713,253,.913,5.6,0.5,1.647,.607,.464,2.4,*/9
3,Jason Adam\adamja01,29,CHC,0,0,,,,,,,,,,,,,,.000,0.0,0.0,,,,,/1
4,Willy Adames\adamewi01,25,TBR,24,18,3,4.5,91,.313,.261,.236,.292,.314,.522,.390,.813,.704,127,.468,0.8,0.1,.722,.261,.261,.0,*/6
5,Ehire Adrianza#\adriaeh01,31,ATL,2,1,2,53.0,93,.000,.500,.231,.500,.315,2.000,.398,2.500,.713,562,.988,1.1,0.1,4.000,1.500,1.500,.0,/H
6,Jesus Aguilar\aguilje01,31,MIA,26,15,4,7.1,93,.350,.333,.230,.423,.315,.381,.398,.804,.713,130,.674,1.3,0.1,.857,.238,.048,,*/3H
7,Hanser Alberto\alberha01,28,KCR,13,10,2,5.4,94,.364,.308,.239,.308,.317,.538,.395,.846,.713,133,.551,0.6,0.1,.700,.154,.231,,/54
8,Ozzie Albies#\albieoz01,24,ATL,28,24,1,1.1,93,.130,.111,.230,.143,.315,.148,.397,.291,.713,-17,.064,-4.3,-0.4,.208,.074,.037,,*/4
9,Jorge Alcala\alcaljo01,25,MIN,0,0,,,,,,,,,,,,,,.000,0.0,0.0,,,,,/1
10,Sandy Alcantara\alcansa01,25,MIA,3,3,0,0.0,94,.000,.000,.230,.000,.315,.000,.398,.000,.713,-100,.000,-0.8,-0.1,.000,.000,.000,,/1
11,Scott Alexander*\alexasc02,31,LAD,0,0,,,,,,,,,,,,,,.000,0.0,0.0,,,,,/1
12,Jorge Alfaro\alfarjo01,28,MIA,15,11,1,2.4,93,.300,.214,.230,.267,.315,.214,.398,.481,.713,39,.224,-1.2,-0.1,.455,.143,.000,.0,/2
13,Anthony Alford\alforan01,26,PIT,14,12,0,0.0,92,.000,.000,.228,.214,.313,.000,.394,.214,.706,-31,.000,-1.9,-0.2,.333,.273,.000,.0,/8H
14,Yency Almonte#\almonye01,27,COL,0,0,,,,,,,,,,,,,,.000,0.0,0.0,,,,,/1
15,Albert Almora\almoral01,27,NYM,2,2,0,0.0,92,.000,.000,.228,.000,.313,.000,.394,.000,.707,-100,.000,-0.5,-0.1,.000,.000,.000,,/H8
16,Pete Alonso\alonspe01,26,NYM,19,11,4,9.6,92,.300,.267,.228,.421,.313,.533,.394,.954,.706,170,.785,1.6,0.2,1.091,.533,.267,.0,/3
17,Jose Altuve\altuvjo01,31,HOU,38,24,6,6.7,90,.345,.333,.235,.395,.312,.455,.388,.849,.701,143,.649,2.1,0.2,.826,.242,.121,.0,*/4
18,Jose Alvarado*\alvarjo03,26,PHI,0,0,,,,,,,,,,,,,,.000,0.0,0.0,,,,,/1
19,Yordan Álvarez*\alvaryo01,24,HOU,37,26,6,6.2,90,.348,.294,.235,.324,.312,.588,.388,.913,.701,155,.615,2.5,0.2,.880,.324,.294,.0,*/D
20,Adbert Alzolay\alzolad01,26,CHC,1,1,0,0.0,90,.000,.000,.226,.000,.310,.000,.390,.000,.700,-100,.000,-0.3,0.0,.000,.000,.000,,/1
21,Brett Anderson*\anderbr04,33,MIL,1,1,0,0.0,91,.000,.000,.227,.000,.311,.000,.392,.000,.703,-100,.000,-0.3,0.0,.000,.000,.000,,/1
22,Brian Anderson\anderbr06,28,MIA,23,17,1,1.6,93,.250,.190,.230,.261,.315,.238,.398,.499,.713,43,.115,-1.6,-0.2,.412,.143,.048,,*/5
23,Chase Anderson\anderch01,33,PHI,1,1,0,0.0,92,.000,.000,.228,.000,.313,.000,.394,.000,.707,-100,.000,-0.3,0.0,.000,.000,.000,,/1
24,Ian Anderson\anderia01,23,ATL,1,0,2,,94,1.000,1.000,.230,1.000,.315,2.000,.398,3.000,.713,720,.000,0.9,0.1,,1.000,1.000,,/1
25,Tim Anderson\anderti01,28,CHW,15,12,1,2.2,90,.182,.200,.235,.200,.312,.400,.388,.600,.701,67,.198,-0.8,-0.1,.500,.200,.200,.0,/6
26,Tyler Anderson*\anderty01,31,PIT,4,4,0,0.0,92,,.000,.228,.000,.313,.000,.394,.000,.707,-100,.000,-1.1,-0.1,.000,.000,.000,,/1
27,Elvis Andrus\andruel01,32,OAK,33,32,0,0.0,85,.107,.094,.229,.091,.304,.156,.378,.247,.682,-29,.000,-5.1,-0.5,.161,.063,.063,,*/6
28,Tejay Antone\antonte01,27,CIN,2,1,0,0.0,,,,,1.000,.328,,,,,,.000,0.3,0.0,,,,,/1
29,Aristides Aquino\aquinar01,27,CIN,11,7,4,15.2,102,.167,.300,.241,.364,.327,1.000,.415,1.364,.743,252,.893,2.0,0.2,1.571,.800,.700,.0,*/97H8
30,Chris Archer\archech01,32,TBR,0,0,,,,,,,,,,,,,,.000,0.0,0.0,,,,,/1
31,Orlando Arcia\arciaor01,26,MIL,11,10,0,0.0,91,.125,.091,.227,.091,.311,.091,.392,.182,.703,-48,.000,-2.2,-0.2,.100,.000,.000,,/56
32,Nolan Arenado\arenano01,30,STL,30,19,6,8.4,92,.400,.345,.228,.367,.313,.586,.394,.953,.706,166,.738,2.3,0.2,.947,.276,.241,.0,*/5
33,Randy Arozarena\arozara01,26,TBR,27,19,3,4.3,91,.467,.280,.236,.333,.313,.320,.390,.653,.704,88,.444,-0.4,0.0,.579,.120,.040,.0,*/987
34,Luis Arraez*\arraelu01,24,MIN,26,14,6,11.5,91,.438,.381,.236,.462,.314,.571,.390,1.033,.704,194,.832,3.0,0.3,1.231,.381,.190,.0,*/547
35,Jake Arrieta\arrieja01,35,CHC,4,4,0,0.0,90,,.000,.226,.000,.310,.000,.390,.000,.700,-100,.000,-1.1,-0.1,.000,.000,.000,,/1
36,Christian Arroyo\arroych01,26,BOS,17,14,1,1.9,95,.250,.176,.242,.176,.320,.294,.399,.471,.719,29,.157,-1.6,-0.2,.357,.118,.118,,/4
37,Willians Astudillo\astudwi01,29,MIN,13,7,4,15.4,91,.500,.500,.236,.462,.314,.667,.390,1.128,.704,218,.894,2.0,0.2,1.333,.167,.167,,/542H
38,Luis Avilan*\avilalu01,31,WSN,0,0,,,,,,,,,,,,,,.000,0.0,0.0,,,,,/1
39,Akil Baddoo*\baddoak01,22,DET,14,8,6,20.2,93,.375,.385,.238,.429,.316,1.000,.394,1.429,.710,290,.932,3.0,0.3,1.875,.769,.615,1.3,*/78H9
40,Javier Baez\baezja01,28,CHC,27,20,3,4.0,90,.250,.200,.226,.259,.310,.440,.390,.699,.700,96,.420,-0.3,0.0,.800,.400,.240,2.4,*/6
41,Caleb Baragar\baragca01,27,SFG,0,0,,,,,,,,,,,,,,.000,0.0,0.0,,,,,/1
42,Daniel Bard\bardda01,36,COL,0,0,,,,,,,,,,,,,,.000,0.0,0.0,,,,,/1
43,Austin Barnes\barneau01,31,LAD,17,11,2,4.8,92,.455,.333,.228,.412,.313,.400,.394,.812,.706,133,.507,0.8,0.1,.727,.200,.067,,/2D
44,Jacob Barnes\barneja01,31,NYM,0,0,,,,,,,,,,,,,,.000,0.0,0.0,,,,,/1
45,Tucker Barnhart*\barnhtu01,30,CIN,19,10,7,18.6,102,.700,.444,.241,.474,.327,.778,.415,1.251,.743,232,.924,3.3,0.3,1.500,.333,.333,.0,*/2
46,Tres Barrera\barretr01,26,WSN,2,2,0,0.0,102,.000,.000,.242,.000,.329,.000,.417,.000,.746,-100,.000,-0.6,-0.1,.000,.000,.000,,/2
47,Anthony Bass\bassan01,33,MIA,0,0,,,,,,,,,,,,,,.000,0.0,0.0,,,,,/1
48,Trevor Bauer\bauertr01,30,LAD,4,4,0,0.0,92,,.000,.228,.000,.313,.000,.394,.000,.707,-100,.000,-0.5,-0.1,.000,.000,.000,,/1
49,Jake Bauers*\bauerja01,25,CLE,11,9,0,0.0,90,.111,.100,.235,.182,.312,.100,.388,.282,.701,-16,.000,-1.6,-0.2,.222,.100,.000,,*/3H
50,Matt Beaty*\beatyma01,28,LAD,5,5,0,0.0,92,.000,.000,.228,.000,.313,.000,.394,.000,.706,-100,.000,-1.3,-0.1,.000,.000,.000,,/HD9
51,David Bednar*\bednada01,26,PIT,0,0,,,,,,,,,,,,,,.000,0.0,0.0,,,,,/1
52,Cam Bedrosian\bedroca01,29,CIN,0,0,,,,,,,,,,,,,,.000,0.0,0.0,,,,,/1
53,Cody Bellinger*\bellico01,25,LAD,21,15,2,3.5,92,.286,.211,.228,.286,.313,.368,.394,.654,.707,85,.369,-0.5,-0.1,.600,.263,.158,,/8
54,Brandon Belt*\beltbr01,33,SFG,16,12,1,2.2,93,.286,.143,.229,.250,.314,.143,.396,.393,.710,16,.198,-1.6,-0.2,.333,.143,.000,,*/3H
55,Andrew Benintendi*\beninan01,26,KCR,27,21,1,1.3,94,.294,.200,.239,.259,.317,.200,.395,.459,.713,32,.082,-2.3,-0.2,.333,.080,.000,,*/7
56,Jose Berrios\berrijo01,27,MIN,2,2,0,0.0,91,,.000,.236,.000,.314,.000,.390,.000,.704,-100,.000,-0.5,-0.1,.000,.000,.000,,/1
57,Jon Berti\bertijo01,31,MIA,16,11,1,2.4,93,.333,.214,.230,.313,.315,.286,.398,.598,.713,71,.224,-0.5,-0.1,.545,.214,.071,,/4H5
58,Dellin Betances\betande01,33,NYM,0,0,,,,,,,,,,,,,,.000,0.0,0.0,,,,,/1
59,Mookie Betts\bettsmo01,28,LAD,28,16,7,11.6,92,.333,.348,.228,.464,.313,.565,.394,1.030,.707,192,.837,3.2,0.3,1.250,.435,.217,1.3,*/98
60,Bo Bichette\bichebo01,23,TOR,34,26,4,4.1,91,.316,.242,.236,.265,.314,.455,.390,.719,.704,101,.432,-0.2,0.0,.654,.242,.212,1.3,*/6D
61,Cavan Biggio*\biggica01,26,TOR,35,26,3,3.1,91,.125,.143,.236,.294,.314,.357,.390,.651,.704,85,.309,-0.6,-0.1,.615,.393,.214,.0,*/59
62,Braden Bishop\bishobr01,27,SEA,0,0,,,,,,,,,,,,,,.000,0.0,0.0,,,,,/7
63,Charlie Blackmon*\blackch02,34,COL,29,22,2,2.4,105,.143,.154,.244,.241,.332,.346,.422,.588,.754,55,.224,-1.8,-0.2,.545,.308,.192,.0,*/9
64,Alex Blandino\blandal01,28,CIN,6,4,1,6.6,102,.667,.333,.241,.333,.328,.500,.415,.833,.743,122,.648,0.2,0.0,.750,.167,.167,,/H3
65,Richard Bleier*\bleieri01,34,MIA,0,0,,,,,,,,,,,,,,.000,0.0,0.0,,,,,/1
66,Xander Bogaerts\bogaexa01,28,BOS,25,16,4,6.7,95,.474,.375,.242,.400,.320,.417,.399,.817,.719,130,.649,0.9,0.1,.750,.125,.042,.0,*/6
67,Alec Bohm\bohmal01,24,PHI,29,24,2,2.2,92,.235,.192,.228,.241,.313,.308,.394,.549,.706,55,.198,-1.6,-0.2,.522,.269,.115,1.3,*/5
68,David Bote\boteda01,28,CHC,18,17,0,0.0,90,.000,.067,.226,.167,.310,.267,.390,.433,.700,22,.000,-1.6,-0.2,.375,.333,.200,.0,*/4H
69,Ben Bowden*\bowdebe01,26,COL,0,0,,,,,,,,,,,,,,.000,0.0,0.0,,,,,/1
70,Brad Boxberger\boxbebr01,33,MIL,0,0,,,,,,,,,,,,,,.000,0.0,0.0,,,,,/1
71,Archie Bradley\bradlar01,28,PHI,0,0,,,,,,,,,,,,,,.000,0.0,0.0,,,,,/1
72,Jackie Bradley Jr.*\bradlja02,31,MIL,20,18,0,0.0,91,.000,.053,.227,.100,.311,.211,.392,.311,.703,-14,.000,-3.0,-0.3,.278,.158,.158,.0,*/89H
73,Michael Brantley*\brantmi02,34,HOU,20,11,7,17.1,90,.429,.389,.235,.450,.312,.778,.388,1.228,.701,244,.911,3.6,0.3,1.455,.444,.389,.0,*/7
74,Alex Bregman\bregmal01,27,HOU,31,21,5,6.4,90,.318,.310,.235,.355,.312,.552,.388,.907,.701,156,.628,1.9,0.2,.857,.310,.241,.0,*/5
75,Lewis Brinson\brinsle01,27,MIA,8,8,0,0.0,93,.000,.000,.230,.000,.315,.000,.398,.000,.713,-100,.000,-2.1,-0.2,.000,.000,.000,,/H7
76,Connor Brogdon\brogdco01,26,PHI,0,0,,,,,,,,,,,,,,.000,0.0,0.0,,,,,/1
77,Mike Brosseau\brossmi01,27,TBR,12,10,1,2.7,91,.300,.250,.236,.250,.314,.333,.390,.583,.704,65,.257,-0.6,-0.1,.400,.083,.083,,/479
78,Rex Brothers*\brothre01,33,CHC,0,0,,,,,,,,,,,,,,.000,0.0,0.0,,,,,/1
79,Seth Brown*\brownse01,28,OAK,10,7,0,0.0,85,.250,.125,.229,.300,.304,.125,.378,.425,.682,32,.000,-0.6,-0.1,.429,.250,.000,,/9D7
80,JT Brubaker\brubajt01,27,PIT,1,0,1,,92,1.000,1.000,.228,1.000,.313,1.000,.394,2.000,.707,473,.000,0.5,0.0,,.000,.000,,/1
81,Jay Bruce*\bruceja01,34,NYY,29,22,2,2.5,88,.133,.125,.232,.276,.308,.250,.383,.526,.691,55,.225,-1.4,-0.1,.500,.333,.125,.0,*/3
82,Kris Bryant\bryankr01,29,CHC,28,18,6,8.8,90,.267,.250,.226,.357,.310,.625,.390,.982,.700,175,.757,2.5,0.2,1.056,.542,.375,.0,*/59
83,Walker Buehler\buehlwa01,26,LAD,5,5,0,0.0,92,.000,.000,.228,.000,.313,.000,.394,.000,.707,-100,.000,-1.1,-0.1,.000,.000,.000,,/1
84,Madison Bumgarner\bumgama01,31,ARI,5,4,0,0.0,93,.500,.200,.229,.200,.314,.400,.396,.600,.710,65,.000,-0.2,0.0,.500,.200,.200,,/1H
85,Corbin Burnes\burneco01,26,MIL,5,4,0,0.0,91,.500,.200,.227,.200,.311,.200,.392,.400,.703,15,.000,-0.6,-0.1,.250,.000,.000,,/1
86,Byron Buxton\buxtoby01,27,MIN,21,11,11,26.9,91,.400,.421,.236,.476,.314,1.211,.390,1.687,.704,362,.959,6.4,0.6,2.364,.947,.789,1.6,*/8
87,Asdrubal Cabrera#\cabreas01,35,ARI,29,18,4,5.9,93,.211,.217,.229,.379,.314,.391,.396,.771,.710,120,.597,0.9,0.1,.833,.435,.174,.0,*/5H
88,Genesis Cabrera*\cabrege01,24,STL,0,0,,,,,,,,,,,,,,.000,0.0,0.0,,,,,/1
89,Miguel Cabrera\cabremi01,38,DET,24,20,1,1.4,93,.125,.143,.238,.250,.316,.333,.394,.583,.710,64,.089,-1.1,-0.1,.500,.333,.190,.0,/3D
90,Trevor Cahill\cahiltr01,33,PIT,1,1,0,0.0,92,.000,.000,.228,.000,.313,.000,.394,.000,.707,-100,.000,-0.3,0.0,.000,.000,.000,,/1
91,Lorenzo Cain\cainlo01,35,MIL,17,13,2,4.1,91,.091,.188,.227,.235,.311,.563,.392,.798,.703,119,.431,0.2,0.0,.769,.438,.375,.0,/8
92,Kole Calhoun*\calhoko01,33,ARI,5,4,0,0.0,93,.250,.200,.229,.200,.314,.400,.396,.600,.710,65,.000,-0.2,0.0,.500,.200,.200,,/9
93,Johan Camargo#\camarjo01,27,ATL,3,2,0,0.0,94,,.000,.231,.333,.315,.000,.398,.333,.713,6,.000,-0.2,0.0,.500,.500,.000,,/H
94,Paul Campbell*\campbpa02,25,MIA,1,1,0,0.0,94,,.000,.230,.000,.315,.000,.398,.000,.713,-100,.000,-0.3,0.0,.000,.000,.000,,/1
95,Luis Campusano\campulu01,22,SDP,12,10,0,0.0,86,.167,.091,.221,.167,.303,.091,.381,.258,.684,-21,.000,-1.7,-0.2,.200,.091,.000,,/2
96,Jeimer Candelario#\candeje01,27,DET,30,22,2,2.5,93,.316,.222,.238,.300,.316,.296,.394,.596,.710,70,.225,-1.0,-0.1,.500,.185,.074,,*/5
97,Mark Canha\canhama01,32,OAK,41,25,8,8.6,85,.292,.265,.229,.390,.304,.529,.378,.920,.682,168,.744,3.2,0.3,1.000,.412,.265,.0,*/78D
98,Victor Caratini#\caratvi01,27,SDP,18,13,2,4.1,86,.400,.313,.221,.333,.303,.500,.381,.833,.684,141,.431,0.9,0.1,.750,.250,.188,.0,*/2
99,Dylan Carlson#\carlsdy01,22,STL,26,20,4,5.3,92,.083,.182,.228,.269,.313,.636,.394,.906,.707,148,.550,1.3,0.1,.895,.545,.455,.0,*/8
100,Matt Carpenter*\carpema01,35,STL,14,10,0,0.0,92,.000,.000,.228,.286,.313,.000,.394,.286,.706,-9,.000,-1.3,-0.1,.400,.300,.000,,/H43
101,Curt Casali\casalcu01,32,SFG,7,6,0,0.0,93,.200,.167,.229,.286,.314,.167,.396,.452,.710,33,.000,-0.5,-0.1,.333,.167,.000,,/2
102,Nicholas Castellanos\casteni01,29,CIN,30,16,13,21.5,102,.400,.429,.241,.467,.328,1.000,.415,1.467,.743,283,.941,6.7,0.6,1.875,.607,.571,.0,*/9
103,Diego Castillo\castidi01,27,TBR,0,0,,,,,,,,,,,,,,.000,0.0,0.0,,,,,/1
104,Luis Castillo\castilu02,28,CIN,4,3,0,0.0,101,.000,.000,.241,.333,.327,.000,.415,.333,.742,2,.000,-0.3,0.0,.500,.500,.000,,/1
105,Harold Castro*\castrha01,27,DET,4,4,0,0.0,93,.000,.000,.238,.000,.316,.000,.394,.000,.710,-100,.000,-1.1,-0.1,.000,.000,.000,,/31
106,Jason Castro*\castrja01,34,HOU,7,7,0,0.0,90,.000,.143,.235,.143,.312,.571,.388,.714,.701,93,.000,-0.2,0.0,.571,.429,.429,.0,/2
107,Miguel Castro\castrmi01,26,NYM,0,0,,,,,,,,,,,,,,.000,0.0,0.0,,,,,/1
108,Starlin Castro\castrst01,31,WSN,15,11,1,2.4,102,.364,.267,.241,.267,.329,.333,.417,.600,.745,61,.224,-0.9,-0.1,.455,.067,.067,,/5
109,Willi Castro#\castrwi01,24,DET,30,21,3,3.8,93,.364,.276,.238,.300,.316,.345,.394,.645,.710,82,.398,-0.9,-0.1,.524,.103,.069,,*/6
110,Jake Cave*\caveja01,28,MIN,26,19,2,2.8,91,.267,.174,.236,.269,.314,.217,.390,.487,.704,42,.275,-1.7,-0.2,.421,.130,.043,,*/789
111,Jhoulys Chacin\chacijh01,33,COL,0,0,,,,,,,,,,,,,,.000,0.0,0.0,,,,,/1
112,Andrew Chafin\chafian01,31,CHC,0,0,,,,,,,,,,,,,,.000,0.0,0.0,,,,,/1
113,Yu Chang\changyu01,25,CLE,10,8,1,3.4,90,.200,.200,.235,.200,.312,.300,.388,.500,.701,41,.342,-0.8,-0.1,.375,.100,.100,,/3H
114,Matt Chapman\chapmma01,28,OAK,36,28,2,1.9,85,.167,.133,.229,.250,.304,.233,.378,.483,.682,44,.157,-2.0,-0.2,.444,.267,.100,.0,*/5
115,Jazz Chisholm*\chishja01,23,MIA,22,15,3,5.3,93,.250,.176,.230,.318,.315,.353,.398,.671,.713,90,.550,-0.1,0.0,.857,.529,.176,.0,*/46
116,Adam Cimber\cimbead01,30,MIA,0,0,,,,,,,,,,,,,,.000,0.0,0.0,,,,,/1
117,Steve Cishek\cishest01,35,LAA,0,0,,,,,,,,,,,,,,.000,0.0,0.0,,,,,/1
118,Taylor Clarke\clarkta01,28,ARI,0,0,,,,,,,,,,,,,,.000,0.0,0.0,,,,,/1
119,Sam Clay*\claysa01,28,WSN,0,0,,,,,,,,,,,,,,.000,0.0,0.0,,,,,/1
120,Zack Collins*\colliza01,26,CHW,17,12,2,4.5,90,.300,.250,.235,.294,.312,.500,.388,.794,.701,123,.468,0.4,0.0,.750,.313,.250,.0,/2D
121,Alex Colome\colomal01,32,MIN,0,0,,,,,,,,,,,,,,.000,0.0,0.0,,,,,/1
122,Michael Conforto*\confomi01,28,NYM,20,15,1,1.8,92,.250,.176,.228,.300,.313,.235,.394,.535,.706,56,.141,-0.9,-0.1,.467,.118,.059,,/9
123,Willson Contreras\contrwi01,29,CHC,25,19,2,2.8,90,.111,.111,.226,.320,.310,.278,.390,.598,.700,74,.274,-0.3,0.0,.667,.389,.167,1.0,*/2H
124,Sam Coonrod\coonrsa01,28,PHI,0,0,,,,,,,,,,,,,,.000,0.0,0.0,,,,,/1
125,Garrett Cooper\coopega03,30,MIA,20,13,3,6.1,93,.222,.188,.230,.350,.315,.438,.398,.788,.713,121,.614,0.6,0.1,.846,.500,.250,.0,/93H
126,Franchy Cordero*\cordefr02,26,BOS,16,11,2,4.9,95,.556,.313,.242,.313,.320,.438,.399,.750,.719,107,.508,0.1,0.0,.636,.125,.125,,*/7H
127,Carlos Correa\correca01,26,HOU,36,22,8,9.8,90,.391,.344,.235,.417,.312,.625,.388,1.042,.701,194,.786,4.0,0.4,1.091,.375,.281,.0,*/6
128,Brandon Crawford*\crawfbr01,34,SFG,23,21,1,1.3,93,.118,.136,.229,.174,.314,.318,.396,.492,.710,36,.081,-2.0,-0.2,.429,.273,.182,1.0,*/6
129,J.P. Crawford*\crawfjp01,26,SEA,26,22,1,1.2,86,.200,.160,.230,.192,.306,.160,.379,.352,.685,5,.075,-3.1,-0.3,.227,.040,.000,,*/6
130,Stefan Crichton\crichst01,29,ARI,0,0,,,,,,,,,,,,,,.000,0.0,0.0,,,,,*/1
131,Kyle Crick*\crickky01,28,PIT,0,0,,,,,,,,,,,,,,.000,0.0,0.0,,,,,/1
132,Nabil Crismatt\crismna01,26,SDP,0,0,,,,,,,,,,,,,,.000,0.0,0.0,,,,,/1
133,C.J. Cron\croncj01,31,COL,28,19,2,2.8,105,.267,.174,.244,.321,.332,.261,.422,.582,.754,59,.274,-1.2,-0.1,.579,.261,.087,,*/3
134,Jake Cronenworth*\croneja01,27,SDP,35,23,5,5.8,86,.333,.310,.221,.412,.303,.448,.381,.860,.684,153,.587,2.3,0.2,.783,.241,.138,,*/43
135,Wil Crowe\crowewi01,26,PIT,0,0,,,,,,,,,,,,,,.000,0.0,0.0,,,,,/1
136,Nelson Cruz\cruzne02,40,MIN,23,13,9,18.6,91,.429,.429,.236,.435,.313,.905,.390,1.340,.704,271,.923,4.6,0.4,1.667,.524,.476,.0,/DH
137,Johnny Cueto\cuetojo01,35,SFG,3,3,0,0.0,93,.000,.000,.229,.000,.314,.000,.396,.000,.710,-100,.000,-0.8,-0.1,.000,.000,.000,,/1
138,Charlie Culberson\culbech01,32,TEX,10,8,1,3.4,89,.222,.200,.234,.200,.311,.300,.387,.500,.698,42,.342,-0.8,-0.1,.375,.100,.100,,/5H
139,John Curtiss\curtijo02,28,MIA,0,0,,,,,,,,,,,,,,.000,0.0,0.0,,,,,/1
140,Travis d'Arnaud\darnatr01,32,ATL,24,19,2,2.8,93,.267,.217,.230,.250,.315,.391,.397,.641,.713,78,.274,-0.8,-0.1,.526,.217,.174,.0,*/2H
141,David Dahl*\dahlda01,27,TEX,28,20,3,4.0,89,.368,.269,.234,.286,.311,.346,.387,.632,.698,81,.421,-0.5,-0.1,.526,.115,.077,,*/7DH
142,Bobby Dalbec\dalbebo01,26,BOS,19,16,0,0.0,95,.182,.111,.242,.158,.320,.111,.399,.269,.719,-23,.000,-3.0,-0.3,.188,.056,.000,,*/3
143,Yu Darvish\darviyu01,34,SDP,4,4,0,0.0,86,.000,.000,.221,.000,.303,.000,.381,.000,.684,-100,.000,-1.0,-0.1,.000,.000,.000,,/1
144,Zach Davies\davieza02,28,CHC,2,2,0,0.0,90,,.000,.226,.000,.310,.000,.390,.000,.700,-100,.000,-0.5,-0.1,.000,.000,.000,,/1
145,J.D. Davis\davisjd01,28,NYM,5,2,1,13.3,92,1.000,.333,.228,.600,.313,.333,.394,.933,.707,177,.868,0.6,0.1,1.500,.333,.000,,/5
146,Jonathan Davis\davisjo05,29,TOR,8,9,0,0.0,91,.000,.000,.236,.000,.314,.000,.390,.000,.704,-100,.000,-2.1,-0.2,.000,-.125,.000,,/8HD
147,Grant Dayton*\daytogr01,33,ATL,0,0,,,,,,,,,,,,,,.000,0.0,0.0,,,,,/1
148,Yonathan Daza\dazayo01,27,COL,9,8,0,0.0,105,.167,.111,.244,.111,.332,.111,.422,.222,.754,-40,.000,-1.8,-0.2,.125,.000,.000,,/H78
149,Jose De Leon\deleojo03,28,CIN,2,1,1,26.5,102,1.000,.500,.241,.500,.328,.500,.415,1.000,.743,173,.959,0.2,0.0,1.000,.000,.000,,/1
150,Austin Dean\deanau01,27,STL,8,7,0,0.0,92,.000,.000,.228,.125,.313,.000,.394,.125,.706,-60,.000,-1.5,-0.2,.143,.143,.000,,/9H
151,Jacob deGrom*\degroja01,33,NYM,3,1,1,26.5,92,1.000,.667,.228,.667,.313,.667,.394,1.333,.707,282,.959,0.7,0.1,2.000,.000,.000,,/1
152,Paul DeJong\dejonpa01,27,STL,30,22,3,3.6,92,.077,.125,.228,.300,.313,.375,.394,.675,.707,91,.378,-0.3,0.0,.682,.500,.250,.0,*/6
153,Anthony DeSclafani\desclan01,31,SFG,2,2,0,0.0,93,,.000,.230,.000,.314,.000,.396,.000,.710,-100,.000,-0.5,-0.1,.000,.000,.000,,/1
154,Ross Detwiler\detwiro01,35,MIA,0,0,,,,,,,,,,,,,,.000,0.0,0.0,,,,,/1
155,Chris Devenski\devench02,30,ARI,0,0,,,,,,,,,,,,,,.000,0.0,0.0,,,,,/1
156,Rafael Devers*\deverra01,24,BOS,26,19,2,2.8,95,.200,.182,.242,.308,.320,.318,.399,.626,.719,76,.275,-0.8,-0.1,.579,.273,.136,.0,*/5
157,Aledmys Díaz\diazal02,30,HOU,13,8,3,10.1,90,.429,.333,.235,.385,.312,.667,.388,1.051,.701,195,.795,1.4,0.1,1.125,.417,.333,.0,/75
158,Edwin Diaz\diazed04,27,NYM,0,0,,,,,,,,,,,,,,.000,0.0,0.0,,,,,/1
159,Elias Diaz\diazel01,30,COL,16,12,1,2.2,105,.200,.143,.244,.250,.332,.143,.422,.393,.754,9,.198,-1.9,-0.2,.333,.143,.000,,/2H
160,Yandy Díaz\diazya01,29,TBR,26,17,3,4.8,91,.278,.227,.236,.346,.314,.318,.390,.664,.704,92,.494,0.0,0.0,.647,.227,.091,,/35DH
161,Alex Dickerson*\dickeal01,31,SFG,16,11,2,4.8,93,.125,.154,.229,.313,.314,.385,.396,.697,.710,97,.507,-0.1,0.0,.727,.385,.231,.0,*/7H
162,Corey Dickerson*\dickeco01,32,MIA,23,17,2,3.1,93,.316,.286,.230,.348,.315,.429,.398,.776,.713,118,.317,0.6,0.1,.647,.143,.143,,*/7H
163,Wilmer Difo#\difowi01,29,PIT,9,6,2,8.8,92,.600,.333,.228,.333,.313,.556,.394,.889,.706,148,.757,0.6,0.1,.833,.222,.222,,/H58
164,Randy Dobnak\dobnara01,26,MIN,0,0,,,,,,,,,,,,,,.000,0.0,0.0,,,,,/1
165,Josh Donaldson\donaljo02,35,MIN,1,0,2,,91,1.000,1.000,.236,1.000,.314,2.000,.390,3.000,.704,731,.000,0.9,0.1,,1.000,1.000,,
166,Sean Doolittle*\doolise01,34,CIN,0,0,,,,,,,,,,,,,,.000,0.0,0.0,,,,,/1
167,Hunter Dozier\doziehu01,29,KCR,12,11,0,0.0,94,.000,.000,.239,.083,.317,.000,.395,.083,.713,-74,.000,-2.6,-0.3,.091,.091,.000,,/5
168,Mauricio Dubon\dubonma01,26,SFG,15,12,0,0.0,93,.200,.143,.229,.200,.314,.143,.396,.343,.710,0,.000,-1.9,-0.2,.250,.071,.000,,*/86
169,Tyler Duffey\duffety01,30,MIN,0,0,,,,,,,,,,,,,,.000,0.0,0.0,,,,,/1
170,Matt Duffy\duffyma01,30,CHC,7,6,0,0.0,90,.167,.167,.226,.286,.310,.333,.390,.619,.700,78,.000,-0.1,0.0,.500,.333,.167,,/H5
171,Adam Duvall\duvalad01,32,MIA,22,20,0,0.0,93,.083,.095,.230,.136,.315,.238,.398,.374,.713,3,.000,-2.9,-0.3,.300,.190,.143,.0,*/97H
172,Jarrod Dyson*\dysonja01,36,KCR,1,0,0,,,,,,1.000,.317,,,,,,.000,0.3,0.0,,,,,/9
173,Adam Eaton*\eatonad02,32,CHW,34,23,4,4.7,90,.261,.241,.235,.353,.312,.345,.388,.698,.701,102,.488,0.1,0.0,.696,.310,.103,1.0,*/9
174,Tommy Edman#\edmanto01,26,STL,32,21,5,6.3,92,.292,.276,.228,.344,.313,.448,.394,.792,.706,124,.627,0.7,0.1,.857,.345,.172,1.3,*/49
175,Zach Eflin\eflinza01,27,PHI,2,2,0,0.0,92,,.000,.228,.000,.313,.000,.394,.000,.707,-100,.000,-0.3,0.0,.000,.000,.000,,/1
176,Eduardo Escobar#\escobed01,32,ARI,30,24,2,2.2,93,.125,.143,.229,.200,.314,.393,.396,.593,.710,63,.198,-1.6,-0.2,.583,.357,.250,1.3,*/45
177,Carlos Estevez\estevca01,28,COL,0,0,,,,,,,,,,,,,,.000,0.0,0.0,,,,,/1
178,Phillip Evans\evansph01,28,PIT,21,12,6,13.3,92,.333,.368,.228,.429,.313,.737,.394,1.165,.707,224,.868,3.0,0.3,1.333,.421,.368,.0,/571H9
179,Pete Fairbanks\fairbpe01,27,TBR,0,0,,,,,,,,,,,,,,.000,0.0,0.0,,,,,/1
180,Jeurys Familia\familje01,31,NYM,0,0,,,,,,,,,,,,,,.000,0.0,0.0,,,,,/1
181,Kyle Farmer\farmeky01,30,CIN,11,9,0,0.0,102,.111,.100,.241,.182,.327,.200,.415,.382,.743,4,.000,-1.4,-0.1,.333,.200,.100,,/H4576
182,Erick Fedde\feddeer01,28,WSN,1,1,0,0.0,102,,.000,.242,.000,.329,.000,.417,.000,.746,-100,.000,-0.3,0.0,.000,.000,.000,,/1
183,Michael Feliz\felizmi01,28,PIT,0,0,,,,,,,,,,,,,,.000,0.0,0.0,,,,,/1
184,J.P. Feyereisen\feyerjo01,28,MIL,0,0,,,,,,,,,,,,,,.000,0.0,0.0,,,,,/1
185,Kyle Finnegan\finneky01,29,WSN,0,0,,,,,,,,,,,,,,.000,0.0,0.0,,,,,/1
186,Jack Flaherty\flaheja01,25,STL,5,3,0,0.0,92,.000,.000,.228,.400,.313,.000,.394,.400,.707,28,.000,-0.1,0.0,.667,.667,.000,,/1
187,David Fletcher\fletcda02,27,LAA,38,30,2,1.8,94,.212,.194,.240,.216,.318,.222,.397,.438,.716,24,.141,-3.8,-0.4,.310,.056,.028,,*/4
188,Wilmer Flores\florewi01,29,SFG,22,17,1,1.6,93,.188,.158,.229,.273,.314,.263,.396,.536,.710,53,.115,-1.1,-0.1,.471,.263,.105,,/3D45H
189,Dylan Floro*\florody01,30,MIA,0,0,,,,,,,,,,,,,,.000,0.0,0.0,,,,,/1
190,Dexter Fowler#\fowlede01,35,LAA,21,15,2,3.6,94,.357,.250,.240,.286,.318,.250,.397,.536,.716,53,.369,-1.4,-0.1,.467,.100,.000,.0,*/9
191,Dustin Fowler*\fowledu01,26,PIT,16,12,1,2.2,92,.333,.214,.228,.250,.313,.214,.394,.464,.707,34,.198,-1.2,-0.1,.455,.143,.000,.0,*/8H9
192,Jake Fraley*\fraleja01,26,SEA,19,9,3,9.0,86,.143,.100,.230,.526,.306,.200,.379,.726,.685,125,.758,1.6,0.2,1.333,1.000,.100,.0,*/79
193,Ty France\francty01,26,SEA,31,17,7,11.1,86,.533,.346,.230,.452,.306,.538,.379,.990,.685,190,.822,3.4,0.3,1.118,.346,.192,.0,/D4
194,Maikel Franco\francma02,28,BAL,30,23,2,2.3,91,.217,.179,.236,.233,.314,.250,.390,.483,.704,38,.211,-2.3,-0.2,.391,.143,.071,,*/5D
195,Adam Frazier*\fraziad01,29,PIT,27,17,4,6.2,92,.263,.227,.228,.370,.313,.364,.394,.734,.707,111,.622,0.5,0.1,.824,.409,.136,.0,*/4
196,Clint Frazier\frazicl01,26,NYY,28,20,2,2.7,88,.294,.200,.232,.286,.308,.280,.383,.566,.691,66,.257,-1.0,-0.1,.500,.200,.080,,*/79
197,Freddie Freeman*\freemfr01,31,ATL,28,19,3,4.2,93,.059,.136,.230,.321,.315,.409,.398,.731,.713,105,.443,0.2,0.0,.842,.591,.273,1.3,*/3
198,Max Fried*\friedma01,27,ATL,3,2,0,0.0,94,.500,.333,.230,.333,.315,.333,.398,.667,.713,90,.000,-0.1,0.0,.500,.000,.000,,/1
199,Josh Fuentes\fuentjo01,28,COL,26,22,1,1.2,105,.250,.192,.244,.192,.332,.346,.422,.538,.754,40,.076,-2.3,-0.2,.409,.154,.154,.0,*/53H
200,Carson Fulmer\fulmeca01,27,CIN,0,0,,,,,,,,,,,,,,.000,0.0,0.0,,,,,/1
201,Cam Gallagher\gallaca01,28,KCR,1,1,0,0.0,93,.000,.000,.239,.000,.317,.000,.395,.000,.712,-100,.000,-0.3,0.0,.000,.000,.000,,/2
202,Giovanny Gallegos\gallegi01,29,STL,0,0,,,,,,,,,,,,,,.000,0.0,0.0,,,,,/1
203,Joey Gallo*\gallojo01,27,TEX,30,16,5,8.4,89,.357,.273,.234,.467,.311,.409,.387,.876,.698,156,.736,2.3,0.2,1.125,.455,.136,1.0,*/9D
204,Freddy Galvis#\galvifr01,31,BAL,29,24,1,1.1,91,.188,.115,.236,.179,.314,.154,.390,.332,.704,-4,.065,-3.6,-0.4,.304,.154,.038,.0,*/6
205,Ben Gamel*\gamelbe01,29,CLE,10,8,0,0.0,90,.000,.000,.235,.300,.312,.000,.388,.300,.701,-4,.000,-0.8,-0.1,.375,.429,.000,,*/8H
206,John Gant\gantjo01,28,STL,1,1,0,0.0,92,,.000,.228,.000,.313,.000,.394,.000,.707,-100,.000,-0.3,0.0,.000,.000,.000,,/1
207,Aramis Garcia\garciar01,28,OAK,17,15,0,0.0,85,.100,.067,.229,.125,.304,.067,.378,.192,.682,-41,.000,-2.7,-0.3,.143,.067,.000,,*/2H
208,Avisail Garcia\garciav01,30,MIL,22,19,1,1.4,91,.250,.182,.227,.182,.311,.182,.392,.364,.703,5,.097,-2.8,-0.3,.263,.000,.000,.0,*/9
209,Jarlin Garcia*\garcija04,28,SFG,0,0,,,,,,,,,,,,,,.000,0.0,0.0,,,,,/1
210,Leury Garcia#\garcile02,30,CHW,21,20,0,0.0,90,.154,.100,.235,.100,.312,.100,.388,.200,.701,-42,.000,-3.8,-0.4,.158,.050,.000,.0,/647
211,Luis Garcia*\garcilu04,21,WSN,6,4,0,0.0,102,.250,.200,.242,.333,.329,.200,.417,.533,.745,49,.000,-0.4,0.0,.500,.200,.000,,/4H
212,Robel Garcia#\garciro02,28,HOU,2,1,1,26.9,90,.500,.500,.235,.500,.313,.500,.389,1.000,.701,189,.959,0.2,0.0,1.000,.000,.000,,/5H
213,Yimi Garcia\garciyi01,30,MIA,0,0,,,,,,,,,,,,,,.000,0.0,0.0,,,,,/1
214,Brett Gardner*\gardnbr01,37,NYY,13,7,3,11.5,88,.571,.400,.232,.500,.308,.500,.383,1.000,.691,193,.832,1.4,0.1,1.167,.300,.100,,*/78H
215,Kyle Garlick\garliky01,29,MIN,13,7,3,11.5,91,.625,.417,.236,.462,.314,.583,.390,1.045,.704,197,.832,1.6,0.2,1.143,.250,.167,,/H79D
216,Amir Garrett\garream01,29,CIN,0,0,,,,,,,,,,,,,,.000,0.0,0.0,,,,,/1
217,Mitch Garver\garvemi01,30,MIN,19,15,2,3.6,91,.222,.222,.236,.263,.313,.611,.390,.874,.704,141,.369,0.8,0.1,.800,.444,.389,.0,*/2H3
218,Kevin Gausman*\gausmke01,30,SFG,3,3,0,0.0,93,,.000,.229,.000,.314,.000,.396,.000,.710,-100,.000,-0.8,-0.1,.000,.000,.000,,/1
219,Andres Gimenez*\gimenan01,22,CLE,14,13,0,0.0,90,.200,.143,.235,.143,.312,.143,.388,.286,.701,-17,.000,-2.2,-0.2,.154,.000,.000,,*/6
220,Kevin Ginkel*\ginkeke01,27,ARI,0,0,,,,,,,,,,,,,,.000,0.0,0.0,,,,,/1
221,Mychal Givens\givenmy01,31,COL,0,0,,,,,,,,,,,,,,.000,0.0,0.0,,,,,/1
222,Tyler Glasnow*\glasnty01,27,TBR,2,2,0,0.0,91,,.000,.236,.000,.314,.000,.390,.000,.704,-100,.000,-0.5,-0.1,.000,.000,.000,,/1
223,Paul Goldschmidt\goldspa01,33,STL,28,19,3,4.2,92,.421,.308,.228,.357,.313,.385,.394,.742,.706,112,.443,0.5,0.0,.632,.154,.077,,*/3
224,Austin Gomber*\gombeau01,27,COL,3,2,0,0.0,105,.500,.333,.244,.333,.332,.333,.422,.667,.754,79,.000,-0.1,0.0,.500,.000,.000,,/1
225,Yan Gomes\gomesya01,33,WSN,0,0,,,,,,,,,,,,,,.000,0.0,0.0,,,,,/H
226,Chi Chi Gonzalez\gonzach01,29,COL,1,1,0,0.0,,,,,,,,,,,,.000,0.0,0.0,,,,,/1
227,Erik Gonzalez\gonzaer01,29,PIT,17,15,1,1.8,92,.083,.118,.228,.118,.313,.294,.394,.412,.706,12,.141,-2.1,-0.2,.333,.176,.176,.0,/H56
228,Marwin Gonzalez#\gonzama01,32,BOS,25,16,2,3.4,95,.267,.211,.241,.360,.320,.211,.399,.571,.719,65,.342,-0.6,-0.1,.733,.316,.000,.0,/34576
229,Victor Gonzalez*\gonzavi02,25,LAD,0,0,,,,,,,,,,,,,,.000,0.0,0.0,,,,,/1
230,Niko Goodrum#\goodrni01,29,DET,16,10,2,5.4,93,.556,.333,.238,.375,.316,.400,.394,.775,.710,120,.551,0.4,0.0,.700,.133,.067,,/47
231,Yasmani Grandal#\grandya01,32,CHW,27,15,4,7.2,90,.250,.211,.235,.444,.312,.421,.388,.865,.701,151,.676,1.9,0.2,1.067,.632,.211,.0,*/2
232,Jon Gray\grayjo02,29,COL,5,4,0,0.0,105,.333,.200,.244,.200,.332,.200,.422,.400,.754,8,.000,-0.7,-0.1,.250,.000,.000,,/1
233,Didi Gregorius*\gregodi01,31,PHI,30,20,4,5.3,92,.368,.296,.228,.333,.313,.407,.394,.741,.706,110,.550,0.4,0.0,.684,.148,.111,.0,*/6
234,Grayson Greiner\greingr01,28,DET,6,5,0,0.0,93,.333,.167,.238,.167,.316,.167,.394,.333,.710,-5,.000,-0.9,-0.1,.200,.000,.000,,/2
235,Randal Grichuk\grichra01,29,TOR,31,20,5,6.7,91,.400,.321,.236,.387,.313,.500,.390,.887,.704,152,.649,1.9,0.2,.850,.250,.179,.0,*/89D
236,Trent Grisham*\grishtr01,24,SDP,4,2,2,26.5,86,.667,.500,.221,.500,.303,.750,.381,1.250,.684,262,.959,0.8,0.1,1.500,.250,.250,,/8
237,Robbie Grossman#\grossro01,31,DET,25,14,2,3.8,93,.200,.125,.238,.440,.316,.188,.394,.628,.710,87,.398,0.6,0.1,.929,.688,.063,.0,*/79D
238,Vladimir Guerrero Jr.\guerrvl02,22,TOR,33,17,9,14.3,91,.412,.360,.236,.515,.314,.640,.390,1.155,.704,228,.880,4.9,0.5,1.412,.520,.280,.0,*/3D
239,Luis Guillorme*\guilllu01,26,NYM,8,3,2,17.7,92,.500,.500,.228,.625,.313,.500,.394,1.125,.706,227,.917,1.3,0.1,1.667,.333,.000,,/5H
240,Lourdes Gurriel Jr.\gurrilo01,27,TOR,26,23,1,1.2,91,.263,.192,.236,.192,.314,.192,.390,.385,.704,11,.070,-3.2,-0.3,.217,.000,.000,,*/7
241,Yuli Gurriel\gourryu01,37,HOU,36,18,9,13.5,90,.391,.357,.235,.500,.312,.536,.388,1.036,.701,198,.868,4.4,0.4,1.278,.464,.179,.0,*/3
242,Ronald Guzman*\guzmaro01,26,TEX,12,11,0,0.0,89,.000,.083,.234,.083,.311,.333,.387,.417,.698,13,.000,-1.5,-0.1,.364,.250,.250,.0,/37H
243,Josh Hader*\haderjo01,27,MIL,0,0,,,,,,,,,,,,,,.000,0.0,0.0,,,,,/1
244,Sam Haggerty#\haggesa01,27,SEA,12,12,0,0.0,86,.000,.000,.230,.000,.306,.000,.379,.000,.685,-100,.000,-3.1,-0.3,.000,.000,.000,,/879
245,David Hale\haleda02,33,PHI,0,0,,,,,,,,,,,,,,.000,0.0,0.0,,,,,/1
246,Billy Hamilton#\hamilbi02,30,CHW,13,8,2,6.7,90,.300,.273,.235,.385,.312,.273,.388,.657,.701,93,.649,0.0,0.0,.875,.364,.000,.0,*/79
247,Garrett Hampson\hampsga01,26,COL,33,22,4,4.8,105,.292,.259,.244,.333,.332,.333,.422,.667,.754,79,.507,-0.5,-0.1,.850,.370,.074,.0,*/84H
248,Mitch Haniger\hanigmi01,30,SEA,31,21,5,6.4,86,.350,.286,.230,.323,.306,.500,.379,.823,.685,137,.628,1.5,0.1,.800,.286,.214,.0,*/9D
249,Ian Happ#\happia01,26,CHC,23,16,2,3.3,90,.100,.118,.226,.318,.310,.294,.390,.612,.700,78,.341,-0.4,0.0,.667,.471,.176,.0,*/87H
250,Bryce Harper*\harpebr03,28,PHI,30,16,4,6.6,92,.333,.238,.228,.467,.313,.286,.394,.752,.707,122,.648,1.5,0.1,.938,.429,.048,,*/9
251,Adam Haseley*\haselad01,25,PHI,17,13,1,2.0,92,.308,.235,.228,.235,.313,.294,.394,.529,.706,50,.176,-1.2,-0.1,.385,.059,.059,,*/87H
252,Ke'Bryan Hayes\hayeske01,24,PIT,7,4,2,13.3,92,.000,.200,.228,.429,.313,.800,.394,1.229,.706,240,.868,1.0,0.1,1.500,1.000,.600,.0,/5
253,Austin Hays\haysau01,25,BAL,10,8,1,3.4,91,.333,.200,.236,.200,.314,.300,.390,.500,.704,41,.342,-0.8,-0.1,.375,.100,.100,,/7
254,Austin Hedges\hedgeau01,28,CLE,4,3,1,9.0,90,.000,.250,.235,.250,.312,1.000,.389,1.250,.701,237,.758,0.6,0.1,1.333,.750,.750,.0,/2
255,Jonah Heim#\heimjo01,26,TEX,8,7,1,3.8,89,.200,.286,.234,.375,.311,.857,.387,1.232,.698,242,.398,1.3,0.1,1.143,.857,.571,1.0,/2
256,Ryan Helsley\helslry01,26,STL,0,0,,,,,,,,,,,,,,.000,0.0,0.0,,,,,/1
257,Kyle Hendricks\hendrky01,31,CHC,2,2,0,0.0,90,,.000,.226,.000,.310,.000,.390,.000,.700,-100,.000,-0.3,0.0,.000,.000,.000,,/1
258,Cesar Hernandez#\hernace02,31,CLE,26,20,1,1.4,90,.125,.091,.235,.231,.312,.136,.388,.367,.701,9,.089,-2.6,-0.3,.350,.227,.045,,*/4
259,Elieser Hernandez\hernael01,26,MIA,1,1,0,0.0,94,,.000,.230,.000,.315,.000,.398,.000,.713,-100,.000,-0.3,0.0,.000,.000,.000,,/1
260,Enrique Hernandez\hernaen02,29,BOS,31,25,2,2.2,95,.190,.179,.242,.226,.320,.321,.399,.547,.719,51,.186,-1.9,-0.2,.458,.214,.143,.0,*/84H6
261,Teoscar Hernandez\hernate01,28,TOR,29,23,2,2.3,91,.357,.207,.236,.207,.314,.310,.390,.517,.704,46,.211,-2.3,-0.2,.391,.103,.103,.0,*/97
262,Yadiel Hernández*\hernaya01,33,WSN,3,2,1,13.3,102,.333,.333,.241,.333,.329,.667,.417,1.000,.745,161,.868,0.3,0.0,1.000,.333,.333,,/H
263,Jason Heyward*\heywaja01,31,CHC,23,17,2,3.1,90,.214,.190,.226,.261,.310,.333,.390,.594,.700,70,.317,-0.9,-0.1,.529,.238,.143,.0,*/9
264,Aaron Hicks#\hicksaa01,31,NYY,27,21,2,2.6,88,.154,.125,.232,.222,.308,.250,.383,.472,.691,37,.240,-2.0,-0.2,.429,.250,.125,.0,*/8
265,Jordan Hicks\hicksjo03,24,STL,0,0,,,,,,,,,,,,,,.000,0.0,0.0,,,,,/1
266,Kyle Higashioka\higasky01,31,NYY,5,2,2,26.9,88,.667,.500,.232,.600,.308,.750,.383,1.350,.691,290,.959,1.2,0.1,2.000,.500,.250,,/2
267,Rich Hill*\hillri01,41,TBR,1,1,0,0.0,91,,.000,.236,.000,.314,.000,.390,.000,.704,-100,.000,-0.3,0.0,.000,.000,.000,,/1
268,Tim Hill\hillti01,31,SDP,0,0,,,,,,,,,,,,,,.000,0.0,0.0,,,,,/1
269,Sam Hilliard*\hillisa01,27,COL,18,13,3,6.1,105,.125,.188,.244,.278,.332,.688,.422,.965,.754,147,.614,0.7,0.1,1.000,.625,.500,.0,*/8H9
270,Keston Hiura\hiurake01,24,MIL,24,23,0,0.0,91,.083,.043,.227,.083,.311,.087,.392,.170,.703,-51,.000,-4.6,-0.5,.130,.043,.043,,*/3
271,Jeff Hoffman\hoffmje02,28,CIN,1,1,0,0.0,102,,.000,.240,.000,.328,.000,.415,.000,.743,-100,.000,-0.3,0.0,.000,.000,.000,,/1
272,Jordan Holloway\hollojo01,25,MIA,0,0,,,,,,,,,,,,,,.000,0.0,0.0,,,,,/1
273,Clay Holmes\holmecl01,28,PIT,0,0,,,,,,,,,,,,,,.000,0.0,0.0,,,,,/1
274,Brock Holt*\holtbr01,33,TEX,17,10,2,5.4,89,.300,.250,.234,.471,.311,.333,.387,.804,.698,138,.551,1.1,0.1,1.000,.583,.083,.0,/5D
275,Rhys Hoskins\hoskirh01,28,PHI,28,18,7,10.3,92,.500,.357,.228,.357,.313,.679,.394,1.036,.706,187,.805,3.2,0.3,1.056,.321,.321,.0,*/3H
276,Eric Hosmer*\hosmeer01,31,SDP,29,17,7,10.9,86,.412,.346,.221,.414,.303,.654,.381,1.068,.684,208,.821,3.7,0.3,1.176,.385,.308,.0,*/3D
277,Adrian Houser\housead01,28,MIL,1,1,0,0.0,91,,.000,.227,.000,.311,.000,.392,.000,.703,-100,.000,-0.3,0.0,.000,.000,.000,,/1
278,Sam Howard\howarsa01,28,PIT,0,0,,,,,,,,,,,,,,.000,0.0,0.0,,,,,/1
279,Daniel Hudson\hudsoda01,34,WSN,0,0,,,,,,,,,,,,,,.000,0.0,0.0,,,,,/1
280,José Iglesias\iglesjo01,31,LAA,32,25,2,2.2,94,.280,.226,.240,.250,.319,.290,.397,.540,.716,52,.186,-2.1,-0.2,.400,.097,.065,,*/6
281,Raisel Iglesias\iglesra01,31,LAA,0,0,,,,,,,,,,,,,,.000,0.0,0.0,,,,,*/1
282,Ender Inciarte*\inciaen01,30,ATL,6,5,0,0.0,93,.250,.167,.230,.167,.315,.333,.398,.500,.713,37,.000,-0.5,-0.1,.400,.167,.167,,/H78
283,Jonathan India\indiajo01,24,CIN,29,17,6,9.4,102,.476,.400,.240,.414,.328,.520,.415,.934,.743,152,.776,2.0,0.2,1.000,.120,.120,,*/4
284,Kyle Isbel*\isbelky01,24,KCR,21,15,2,3.6,94,.500,.250,.239,.286,.317,.350,.395,.636,.713,79,.369,-0.8,-0.1,.600,.200,.100,.0,*/9D7H
285,Alex Jackson\jacksal02,25,ATL,2,2,0,0.0,93,.000,.000,.231,.000,.315,.000,.398,.000,.713,-100,.000,-0.5,-0.1,.000,.000,.000,,/2
286,Luke Jackson\jackslu01,29,ATL,0,0,,,,,,,,,,,,,,.000,0.0,0.0,,,,,/1
287,Danny Jansen\janseda01,26,TOR,16,12,1,2.2,91,.250,.143,.236,.250,.314,.214,.390,.464,.704,35,.198,-1.2,-0.1,.417,.214,.071,,*/2
288,Kenley Jansen#\janseke01,33,LAD,0,0,,,,,,,,,,,,,,.000,0.0,0.0,,,,,/1
289,Ryan Jeffers\jeffery01,24,MIN,12,8,1,3.4,91,.667,.200,.236,.333,.314,.200,.390,.533,.704,58,.342,-0.5,-0.1,.500,.200,.000,,/2H
290,JaCoby Jones\jonesja07,29,DET,16,14,1,1.9,93,.273,.188,.238,.188,.316,.250,.394,.438,.710,23,.157,-1.7,-0.2,.286,.063,.063,,*/87
291,Nate Jones\jonesna01,35,ATL,0,0,,,,,,,,,,,,,,.000,0.0,0.0,,,,,/1
292,Matthew Joyce*\joycema01,36,PHI,5,2,0,0.0,92,.000,.000,.228,.600,.313,.000,.394,.600,.707,92,.000,0.5,0.0,1.500,1.000,.000,,/H7
293,Aaron Judge\judgeaa01,29,NYY,23,16,4,6.7,88,.375,.364,.232,.391,.308,.636,.383,1.028,.691,193,.649,2.4,0.2,.938,.318,.273,.0,/9D
294,Keone Kela\kelake01,28,SDP,0,0,,,,,,,,,,,,,,.000,0.0,0.0,,,,,/1
295,Mitch Keller\kellemi03,25,PIT,1,1,0,0.0,92,.000,.000,.228,.000,.313,.000,.394,.000,.707,-100,.000,-0.3,0.0,.000,.000,.000,,/1
296,Carson Kelly\kellyca02,26,ARI,19,9,5,14.7,93,.538,.467,.229,.526,.314,.600,.396,1.126,.710,219,.888,2.9,0.3,1.500,.333,.133,,*/2H
297,Merrill Kelly\kellyme01,32,ARI,4,4,0,0.0,93,,.000,.229,.000,.314,.000,.396,.000,.710,-100,.000,-1.1,-0.1,.000,.000,.000,,/1
298,Tony Kemp*\kempto01,29,OAK,18,13,1,2.1,85,.091,.077,.229,.294,.304,.077,.378,.371,.682,17,.176,-1.2,-0.1,.500,.385,.000,.0,/74H
299,Max Kepler*\keplema01,28,MIN,28,18,5,7.5,91,.368,.280,.236,.357,.314,.480,.390,.837,.704,137,.691,1.3,0.1,.889,.320,.200,.0,*/9H
300,Clayton Kershaw*\kershcl01,33,LAD,3,1,1,26.5,92,.667,.667,.228,.667,.313,.667,.394,1.333,.707,282,.959,0.7,0.1,2.000,.000,.000,,/1
301,Carter Kieboom\kieboca01,23,WSN,2,1,0,0.0,102,,.000,.242,.500,.329,.000,.417,.500,.746,52,.000,0.0,0.0,1.000,1.000,.000,,/H
302,Kevin Kiermaier*\kiermke01,31,TBR,11,11,0,0.0,91,.143,.091,.236,.091,.313,.091,.390,.182,.704,-48,.000,-2.2,-0.2,.091,.000,.000,,/8H
303,Ha-Seong Kim\kimha01,25,SDP,20,17,1,1.6,86,.214,.167,.221,.250,.303,.167,.381,.417,.684,26,.115,-1.7,-0.2,.294,.056,.000,,/6H4
304,Craig Kimbrel\kimbrcr01,33,CHC,0,0,,,,,,,,,,,,,,.000,0.0,0.0,,,,,/1
305,Isiah Kiner-Falefa\kineris01,26,TEX,31,22,3,3.7,89,.261,.241,.234,.290,.311,.379,.387,.670,.698,91,.379,-0.4,0.0,.636,.207,.138,1.0,*/6
306,Tyler Kinley\kinlety01,30,COL,0,0,,,,,,,,,,,,,,.000,0.0,0.0,,,,,/1
307,Brandon Kintzler\kintzbr01,36,PHI,0,0,,,,,,,,,,,,,,.000,0.0,0.0,,,,,/1
308,Alejandro Kirk\kirkal01,22,TOR,12,12,0,0.0,91,.000,.000,.236,.083,.314,.000,.390,.083,.704,-73,.000,-2.6,-0.3,.083,.091,.000,,*/2
309,Andrew Kittredge\kittran01,31,TBR,0,0,,,,,,,,,,,,,,.000,0.0,0.0,,,,,/1
310,Andrew Knapp#\knappan01,29,PHI,3,1,3,79.5,92,.500,.667,.228,.667,.313,1.667,.394,2.333,.707,536,.994,1.6,0.1,5.000,1.000,1.000,.0,/2
311,Corey Knebel\knebeco01,29,LAD,0,0,,,,,,,,,,,,,,.000,0.0,0.0,,,,,/1
312,Andrew Knizner\kniznan01,26,STL,2,2,0,0.0,92,.000,.000,.228,.000,.313,.000,.394,.000,.707,-100,.000,-0.5,-0.1,.000,.000,.000,,/2H
313,Chad Kuhl\kuhlch01,28,PIT,2,2,0,0.0,92,.000,.000,.228,.000,.313,.000,.394,.000,.707,-100,.000,-0.5,-0.1,.000,.000,.000,,/1
314,Tommy La Stella*\lasteto01,32,SFG,7,5,1,5.3,93,.167,.167,.229,.286,.314,.333,.396,.619,.710,75,.550,-0.1,0.0,.600,.333,.167,,/HD
315,Juan Lagares\lagarju01,32,LAA,4,4,0,0.0,94,.000,.000,.241,.000,.319,.000,.397,.000,.716,-100,.000,-1.1,-0.1,.000,.000,.000,,/79
316,Jake Lamb*\lambja01,30,CHW,5,2,0,0.0,90,.000,.000,.235,.600,.312,.000,.389,.600,.701,92,.000,0.5,0.1,1.500,1.500,.000,,/5
317,Ramon Laureano\laurera01,26,OAK,25,19,3,4.3,85,.278,.217,.229,.280,.304,.391,.378,.671,.682,96,.444,-0.2,0.0,.789,.304,.174,.0,*/8
318,DJ LeMahieu\lemahdj01,32,NYY,34,21,5,6.4,88,.308,.310,.232,.412,.308,.448,.383,.860,.691,151,.628,2.1,0.2,.857,.310,.138,.0,*/435
319,Josh Lindblom\lindbjo01,34,MIL,0,0,,,,,,,,,,,,,,.000,0.0,0.0,,,,,/1
320,Francisco Lindor#\lindofr01,27,NYM,20,12,2,4.4,92,.214,.214,.228,.400,.313,.214,.394,.614,.707,82,.467,0.2,0.0,.727,.286,.000,,/6
321,Tim Locastro\locasti01,28,ARI,26,21,2,2.5,93,.188,.167,.229,.231,.314,.292,.396,.522,.710,47,.240,-1.8,-0.2,.476,.208,.125,1.0,*/98H
322,Evan Longoria\longoev01,35,SFG,25,15,7,12.4,93,.286,.318,.229,.400,.314,.773,.396,1.173,.710,223,.852,3.5,0.3,1.333,.591,.455,.0,*/5
323,Nicky Lopez*\lopezni01,26,KCR,22,13,3,6.2,94,.412,.368,.239,.409,.317,.368,.395,.778,.713,122,.615,0.7,0.1,.750,.105,.000,,*/6
324,Pablo Lopez*\lopezpa01,25,MIA,3,3,0,0.0,94,.000,.000,.230,.000,.315,.000,.398,.000,.713,-100,.000,-0.8,-0.1,.000,.000,.000,,/1
325,Yoan López\lopezyo01,28,ARI,0,0,,,,,,,,,,,,,,.000,0.0,0.0,,,,,/1
326,Aaron Loup*\loupaa01,33,NYM,0,0,,,,,,,,,,,,,,.000,0.0,0.0,,,,,/1
327,Brandon Lowe*\lowebr01,26,TBR,27,15,4,7.2,91,.417,.250,.236,.444,.313,.350,.390,.794,.704,131,.676,1.5,0.1,.933,.400,.100,,*/47H
328,Nate Lowe*\lowena01,25,TEX,29,21,5,6.4,89,.333,.286,.234,.310,.311,.643,.387,.953,.698,166,.628,2.1,0.2,.952,.429,.357,1.5,/3D
329,Jed Lowrie#\lowrije01,37,OAK,33,21,5,6.4,85,.318,.276,.229,.364,.304,.448,.378,.812,.682,138,.628,1.6,0.2,.810,.310,.172,.0,*/4DH
330,Joey Lucchesi*\lucchjo01,28,NYM,0,0,,,,,,,,,,,,,,.000,0.0,0.0,,,,,/1
331,Jonathan Lucroy\lucrojo01,35,WSN,10,6,2,8.8,102,.500,.400,.242,.400,.329,.500,.417,.900,.746,142,.757,0.5,0.1,.833,.100,.100,,/2
332,Jordan Luplow\luplojo01,27,CLE,11,8,1,3.4,90,.000,.125,.235,.364,.312,.500,.388,.864,.701,145,.342,0.6,0.1,.875,.625,.375,.0,/8
333,Gavin Lux*\luxga01,23,LAD,30,22,4,4.8,92,.348,.296,.228,.333,.313,.444,.394,.778,.706,119,.507,0.5,0.1,.714,.259,.148,.0,*/4H6
334,Manny Machado\machama01,28,SDP,34,24,4,4.4,86,.273,.241,.221,.353,.303,.379,.381,.732,.684,116,.467,0.8,0.1,.667,.276,.138,.0,*/5
335,Nick Madrigal\madrini01,24,CHW,29,20,3,4.0,90,.261,.250,.235,.379,.312,.292,.388,.671,.701,97,.421,0.2,0.0,.650,.167,.042,.0,*/4
336,Kenta Maeda\maedake01,33,MIN,2,2,0,0.0,91,.000,.000,.236,.000,.314,.000,.390,.000,.704,-100,.000,-0.3,0.0,.000,.000,.000,,/1
337,Tyler Mahle\mahlety01,26,CIN,4,5,0,0.0,101,.000,.000,.241,.000,.327,.000,.415,.000,.742,-100,.000,-0.9,-0.1,.000,.000,.000,,/1
338,Martin Maldonado\maldoma01,34,HOU,25,23,0,0.0,90,.154,.083,.235,.120,.312,.083,.388,.203,.701,-40,.000,-4.5,-0.5,.130,.042,.000,,*/2
339,Trey Mancini\mancitr01,29,BAL,31,26,1,1.0,91,.278,.179,.236,.226,.313,.250,.390,.476,.704,36,.056,-2.3,-0.2,.360,.143,.071,,*/3D
340,Dillon Maples\mapledi01,29,CHC,0,0,,,,,,,,,,,,,,.000,0.0,0.0,,,,,/1
341,Tucupita Marcano*\marcatu01,21,SDP,7,6,0,0.0,86,.167,.167,.221,.286,.303,.167,.381,.452,.684,38,.000,-0.4,0.0,.333,.167,.000,,*/H5
342,Manuel Margot\margoma01,26,TBR,21,14,4,7.7,91,.333,.300,.236,.333,.314,.550,.390,.883,.704,147,.702,1.0,0.1,.857,.300,.250,.0,*/87H9
343,Jake Marisnick\marisja01,30,CHC,12,8,1,3.3,90,.500,.300,.226,.417,.310,.300,.390,.717,.700,111,.341,0.3,0.0,.750,.200,.000,.0,/8H
344,Jose Marmolejos*\marmojo01,28,SEA,9,5,2,10.8,86,.200,.286,.230,.444,.306,.714,.379,1.159,.685,234,.814,1.3,0.1,1.400,.714,.429,.0,/3DH
345,German Marquez\marquge01,26,COL,3,3,0,0.0,105,.000,.000,.244,.000,.332,.000,.422,.000,.754,-100,.000,-0.9,-0.1,.000,.000,.000,,/1
346,Ketel Marte#\marteke01,27,ARI,28,15,10,17.7,93,.500,.462,.229,.500,.314,.846,.396,1.346,.710,273,.917,6.0,0.6,1.600,.462,.385,.0,*/8
347,Starling Marte\martest01,32,MIA,31,20,5,6.6,93,.364,.308,.230,.387,.315,.423,.398,.810,.713,129,.648,1.2,0.1,.842,.192,.115,.0,*/8
348,Chris Martin\martich02,35,ATL,0,0,,,,,,,,,,,,,,.000,0.0,0.0,,,,,/1
349,Carlos Martinez\martica04,29,STL,1,1,0,0.0,92,.000,.000,.228,.000,.313,.000,.394,.000,.707,-100,.000,-0.3,0.0,.000,.000,.000,,/1
350,J.D. Martinez\martijd02,33,BOS,32,17,12,19.0,95,.500,.433,.242,.469,.320,.867,.399,1.335,.719,264,.925,6.6,0.6,1.647,.500,.433,.0,*/D79
351,Jorge Mateo\mateojo01,26,SDP,13,9,2,5.9,86,.444,.308,.221,.308,.303,.462,.381,.769,.684,123,.597,0.4,0.0,.667,.154,.154,,/7H8
352,Wyatt Mathisen\mathiwy01,27,ARI,7,5,0,0.0,93,.250,.167,.229,.286,.314,.167,.396,.452,.710,33,.000,-0.5,-0.1,.400,.167,.000,,*/H57
353,Tyler Matzek*\matzety01,30,ATL,0,0,,,,,,,,,,,,,,.000,0.0,0.0,,,,,/1
354,Trevor May\maytr01,31,NYM,0,0,,,,,,,,,,,,,,.000,0.0,0.0,,,,,/1
355,Nomar Mazara*\mazarno01,26,DET,22,18,1,1.5,93,.250,.227,.238,.227,.316,.364,.394,.591,.710,64,.105,-1.2,-0.1,.444,.136,.136,.0,/9DH
356,Ryan McBroom\mcbrory01,29,KCR,4,3,0,0.0,94,,.000,.239,.250,.317,.000,.395,.250,.713,-21,.000,-0.5,-0.1,.333,.333,.000,,/DH
357,James McCann\mccanja02,31,NYM,16,11,1,2.4,92,.333,.214,.228,.313,.313,.214,.394,.527,.707,54,.224,-0.8,-0.1,.455,.143,.000,,/2
358,Chas McCormick\mccorch01,26,HOU,9,6,2,9.0,90,.250,.250,.235,.333,.312,.750,.388,1.083,.701,200,.758,1.0,0.1,1.167,.500,.500,.0,/7HD
359,Andrew McCutchen\mccutan01,34,PHI,27,18,3,4.4,92,.267,.190,.228,.370,.313,.286,.394,.656,.706,91,.467,-0.1,0.0,.722,.429,.095,.0,*/7H
360,Jake McGee*\mcgeeja01,34,SFG,0,0,,,,,,,,,,,,,,.000,0.0,0.0,,,,,*/1
361,Kyle McGowin\mcgowky01,29,WSN,0,0,,,,,,,,,,,,,,.000,0.0,0.0,,,,,/1
362,Collin McHugh\mchugco01,34,TBR,0,0,,,,,,,,,,,,,,.000,0.0,0.0,,,,,/1
363,Ryan McKenna\mckenry01,24,BAL,4,3,0,0.0,91,.000,.000,.236,.250,.314,.000,.390,.250,.704,-20,.000,-0.5,0.0,.333,.333,.000,,/79
364,Billy McKinney*\mckinbi01,26,MIL,4,2,1,13.3,91,.667,.500,.227,.500,.311,.500,.392,1.000,.703,188,.868,0.4,0.0,1.000,.000,.000,,*/H
365,Zach McKinstry*\mckinza01,26,LAD,24,17,4,6.2,92,.263,.273,.228,.292,.313,.545,.394,.837,.706,132,.622,1.0,0.1,.813,.318,.273,.0,*/497
366,Ryan McMahon*\mcmahry01,26,COL,30,20,8,10.6,105,.227,.310,.244,.333,.332,.793,.422,1.126,.754,188,.813,3.2,0.3,1.200,.517,.483,.0,/45H
367,Jeff McNeil*\mcneije01,29,NYM,13,11,1,2.4,92,.000,.091,.228,.231,.313,.364,.394,.594,.707,66,.224,-0.6,-0.1,.545,.455,.273,.0,/4H
368,Austin Meadows*\meadoau01,26,TBR,30,20,5,6.7,91,.278,.269,.236,.367,.314,.577,.390,.944,.704,165,.649,2.3,0.2,.950,.462,.308,.0,*/7DH9
369,Francisco Mejia#\mejiafr01,25,TBR,13,8,2,6.7,91,.300,.333,.236,.417,.314,.444,.390,.861,.704,147,.649,0.9,0.1,1.000,.333,.111,,/2DH
370,Mark Melancon\melanma01,36,SDP,0,0,,,,,,,,,,,,,,.000,0.0,0.0,,,,,/1
371,Danny Mendick\mendida01,27,CHW,8,2,3,40.4,90,.800,.667,.235,.750,.312,.667,.388,1.417,.701,312,.980,2.0,0.2,3.000,.333,.000,,/6
372,Yermin Mercedes\merceye01,28,CHW,28,12,14,31.4,90,.591,.556,.235,.571,.312,.889,.388,1.460,.701,312,.969,7.3,0.7,2.083,.370,.333,.0,*/D
373,Whit Merrifield\merriwh01,32,KCR,28,17,8,12.7,94,.316,.375,.239,.393,.317,.792,.395,1.185,.713,224,.855,4.0,0.4,1.400,.458,.417,.0,*/4
374,Wade Miley*\mileywa01,34,CIN,4,3,0,0.0,102,1.000,.250,.241,.250,.328,.250,.415,.500,.743,37,.000,-0.4,0.0,.333,.000,.000,,/1
375,Andrew Miller*\millean01,36,STL,0,0,,,,,,,,,,,,,,.000,0.0,0.0,,,,,/1
376,Brad Miller*\millebr02,31,PHI,8,7,0,0.0,92,.250,.125,.228,.125,.313,.125,.394,.250,.707,-28,.000,-1.4,-0.1,.143,.000,.000,,/H35
377,Alec Mills\millsal02,29,CHC,0,0,,,,,,,,,,,,,,.000,0.0,0.0,,,,,/1
378,A.J. Minter*\minteaj01,27,ATL,0,0,,,,,,,,,,,,,,.000,0.0,0.0,,,,,/1
379,Yadier Molina\molinya01,38,STL,26,17,4,6.2,92,.333,.304,.228,.346,.313,.478,.394,.824,.707,132,.622,1.1,0.1,.813,.261,.174,.0,*/2
380,Yoan Moncada#\moncayo01,26,CHW,32,21,4,5.1,90,.308,.192,.235,.344,.312,.346,.388,.690,.701,99,.529,0.2,0.0,.714,.346,.154,.0,*/5
381,Dylan Moore\mooredy01,28,SEA,27,20,2,2.7,86,.308,.182,.230,.296,.306,.318,.379,.614,.685,81,.257,-0.2,0.0,.684,.409,.136,.0,/47
382,Matt Moore*\moorema02,32,PHI,1,1,0,0.0,92,,.000,.228,.000,.313,.000,.394,.000,.707,-100,.000,-0.3,0.0,.000,.000,.000,,/1
383,Colin Moran*\moranco01,28,PIT,29,18,6,8.8,92,.417,.280,.228,.379,.313,.600,.394,.979,.707,174,.757,2.5,0.2,1.056,.480,.320,.0,*/3
384,Adrián Morejón*\morejad01,22,SDP,1,1,0,0.0,86,.000,.000,.221,.000,.303,.000,.381,.000,.684,-100,.000,-0.3,0.0,.000,.000,.000,,/1
385,Mitch Moreland*\morelmi01,35,OAK,27,22,1,1.2,85,.235,.167,.229,.222,.304,.167,.378,.389,.682,17,.075,-2.4,-0.2,.286,.083,.000,,*/D3
386,Reyes Moronta\moronre01,28,SFG,0,0,,,,,,,,,,,,,,.000,0.0,0.0,,,,,/1
387,Charlie Morton\mortoch02,37,ATL,3,2,0,0.0,94,1.000,.333,.230,.333,.315,.333,.398,.667,.713,90,.000,-0.1,0.0,.500,.000,.000,,/1
388,Ryan Mountcastle\mountry01,24,BAL,30,23,2,2.3,91,.250,.179,.236,.233,.314,.321,.390,.555,.704,57,.211,-1.7,-0.2,.478,.214,.143,.0,/7D
389,Mike Moustakas*\moustmi01,32,CIN,30,16,7,11.6,102,.300,.333,.240,.500,.328,.571,.415,1.071,.743,190,.837,3.5,0.3,1.333,.571,.238,.0,*/5
390,Cedric Mullins*\mullice01,26,BAL,31,16,10,16.8,91,.571,.448,.236,.484,.313,.655,.390,1.139,.704,222,.908,4.7,0.4,1.375,.310,.207,1.0,*/8
391,Max Muncy*\muncyma01,30,LAD,35,18,8,11.8,92,.364,.333,.228,.486,.313,.556,.394,1.041,.706,196,.841,4.0,0.4,1.278,.481,.222,.0,*/3D
392,Sean Murphy\murphse01,26,OAK,18,14,0,0.0,85,.000,.000,.229,.222,.304,.000,.378,.222,.682,-27,.000,-2.2,-0.2,.286,.214,.000,,*/2H
393,Tom Murphy\murphto04,30,SEA,13,8,1,3.4,86,.429,.273,.230,.333,.306,.273,.379,.606,.685,81,.342,-0.3,0.0,.500,.091,.000,,/2DH
394,Joe Musgrove\musgrjo01,28,SDP,3,3,0,0.0,86,.000,.000,.221,.000,.303,.000,.381,.000,.684,-100,.000,-0.8,-0.1,.000,.000,.000,,/1
395,Wil Myers\myerswi01,30,SDP,32,17,9,14.0,86,.389,.346,.221,.469,.303,.692,.381,1.161,.684,236,.879,5.1,0.5,1.471,.615,.346,1.3,*/9
396,Tyler Naquin*\naquity01,30,CIN,27,15,11,19.4,102,.182,.318,.241,.444,.328,1.000,.415,1.444,.743,277,.930,5.3,0.5,1.867,.909,.682,1.7,*/78H9
397,Omar Narvaez*\narvaom01,29,MIL,20,10,7,18.6,91,.500,.444,.227,.500,.311,.778,.392,1.278,.703,259,.924,3.7,0.4,1.600,.444,.333,.0,*/2H
398,Josh Naylor*\naylojo01,24,CLE,22,17,2,3.2,90,.313,.227,.235,.227,.312,.318,.388,.545,.701,55,.318,-1.3,-0.1,.412,.091,.091,,*/9
399,Nick Neidert\neideni01,24,MIA,1,1,0,0.0,94,.000,.000,.230,.000,.315,.000,.398,.000,.713,-100,.000,-0.3,0.0,.000,.000,.000,,/1
400,Jimmy Nelson\nelsoji02,32,LAD,0,0,,,,,,,,,,,,,,.000,0.0,0.0,,,,,/1
401,Hector Neris\nerishe01,32,PHI,0,0,,,,,,,,,,,,,,.000,0.0,0.0,,,,,/1
402,Sean Newcomb*\newcose01,28,ATL,0,0,,,,,,,,,,,,,,.000,0.0,0.0,,,,,/1
403,Kevin Newman\newmake01,27,PIT,27,22,1,1.2,92,.192,.185,.228,.185,.313,.222,.394,.407,.706,16,.076,-3.1,-0.3,.273,.037,.037,,*/64H
404,Tomas Nido\nidoto01,27,NYM,1,1,0,0.0,92,.000,.000,.228,.000,.313,.000,.394,.000,.707,-100,.000,-0.3,0.0,.000,.000,.000,,/2
405,Brandon Nimmo*\nimmobr01,28,NYM,19,8,6,19.9,92,.545,.429,.228,.579,.313,.571,.394,1.150,.707,230,.932,3.2,0.3,1.750,.571,.143,.0,/87
406,John Nogowski\nogowjo01,28,STL,6,3,1,8.8,92,.250,.250,.228,.500,.313,.250,.394,.750,.707,123,.757,0.4,0.0,1.000,.250,.000,,*/H3
407,Aaron Nola\nolaaa01,28,PHI,4,4,0,0.0,92,.000,.000,.228,.000,.313,.000,.394,.000,.707,-100,.000,-0.8,-0.1,.000,.000,.000,,/1
408,Dom Nunez*\nunezdo01,26,COL,17,13,3,6.1,105,.125,.235,.244,.235,.332,.765,.422,1.000,.754,152,.614,1.0,0.1,1.000,.529,.529,.0,*/2
409,Brian O'Grady*\ogradbr01,29,SDP,1,1,0,0.0,86,.000,.000,.221,.000,.303,.000,.381,.000,.684,-100,.000,-0.3,0.0,.000,.000,.000,,/H
410,Tyler O'Neill\oneilty01,26,STL,28,24,1,1.1,92,.250,.148,.228,.179,.313,.296,.394,.475,.706,32,.064,-2.5,-0.3,.375,.111,.148,.0,*/7
411,Joseph Odom\odomjo01,29,TBR,2,2,0,0.0,91,.000,.000,.236,.000,.314,.000,.390,.000,.704,-100,.000,-0.5,-0.1,.000,.000,.000,,/2H
412,Shohei Ohtani*\ohtansh01,26,LAA,32,21,8,10.3,94,.333,.300,.240,.344,.319,.700,.397,1.044,.716,184,.800,3.0,0.3,1.190,.500,.400,2.4,*/D1H
413,Matt Olson*\olsonma02,27,OAK,29,20,3,4.0,85,.313,.240,.229,.345,.304,.400,.378,.745,.682,119,.421,0.8,0.1,.700,.280,.160,.0,*/3D
414,Luis Oviedo\oviedlu01,22,PIT,0,0,,,,,,,,,,,,,,.000,0.0,0.0,,,,,/1
415,Chris Owings\owingch01,29,COL,17,7,11,41.7,105,.615,.533,.244,.588,.332,1.133,.422,1.722,.754,346,.982,5.1,0.5,3.000,.867,.600,.0,/4H879
416,Marcell Ozuna\ozunama01,30,ATL,28,21,1,1.3,93,.231,.125,.230,.250,.315,.125,.398,.375,.713,11,.081,-2.9,-0.3,.333,.167,.000,,*/7
417,Cristian Pache\pachecr01,22,ATL,21,18,0,0.0,93,.200,.100,.230,.143,.315,.150,.398,.293,.713,-17,.000,-3.2,-0.3,.222,.100,.050,,*/8
418,Chris Paddack\paddach01,25,SDP,1,1,0,0.0,86,,.000,.221,.000,.303,.000,.381,.000,.684,-100,.000,-0.3,0.0,.000,.000,.000,,/1
419,Kevin Padlo\padloke01,24,TBR,4,2,0,0.0,91,.000,.000,.236,.500,.314,.000,.390,.500,.704,59,.000,0.1,0.0,1.000,1.000,.000,,/5
420,Emilio Pagan*\paganem01,30,SDP,0,0,,,,,,,,,,,,,,.000,0.0,0.0,,,,,/1
421,Josh Palacios*\palacjo01,25,TOR,4,3,0,0.0,91,.000,.000,.236,.250,.314,.000,.390,.250,.704,-20,.000,-0.5,-0.1,.333,.000,.000,,/79
422,Joe Panik*\panikjo01,30,TOR,16,12,1,2.2,91,.267,.250,.236,.250,.314,.313,.390,.563,.704,60,.198,-0.9,-0.1,.417,.063,.063,,/45DH
423,Matt Peacock\peacoma01,27,ARI,1,0,1,,93,1.000,1.000,.229,1.000,.314,1.000,.396,2.000,.710,471,.000,0.5,0.0,,.000,.000,,/1
424,Joc Pederson*\pederjo01,29,CHC,24,20,1,1.3,90,.077,.095,.226,.167,.310,.238,.390,.405,.700,15,.089,-2.4,-0.2,.368,.238,.143,.0,*/7H
425,David Peralta*\peralda01,33,ARI,31,25,2,2.1,93,.217,.172,.229,.226,.314,.310,.396,.536,.710,50,.186,-2.3,-0.2,.440,.207,.138,,*/7H
426,Freddy Peralta\peralfr01,25,MIL,2,2,0,0.0,91,,.000,.227,.000,.312,.000,.392,.000,.704,-100,.000,-0.5,-0.1,.000,.000,.000,,/1
427,Wandy Peralta*\peralwa01,29,SFG,0,0,,,,,,,,,,,,,,.000,0.0,0.0,,,,,/1
428,Geraldo Perdomo#\perdoge01,21,ARI,13,9,0,0.0,93,.125,.100,.229,.308,.314,.100,.396,.408,.710,23,.000,-0.9,-0.1,.444,.300,.000,,/6
429,Cionel Pérez\perezci01,25,CIN,1,1,0,0.0,102,.000,.000,.240,.000,.328,.000,.415,.000,.743,-100,.000,-0.3,0.0,.000,.000,.000,,/1
430,Hernan Perez\perezhe01,30,WSN,11,9,0,0.0,102,.500,.100,.242,.182,.329,.100,.417,.282,.746,-21,.000,-1.7,-0.2,.222,.100,.000,,/43H
431,Michael Perez*\perezmi03,28,PIT,9,9,0,0.0,92,.000,.000,.228,.000,.313,.000,.394,.000,.706,-100,.000,-2.4,-0.2,.000,.000,.000,,/2H
432,Roberto Perez\perezro02,32,CLE,17,11,2,4.9,90,.400,.214,.235,.353,.312,.429,.388,.782,.701,123,.508,0.5,0.1,.818,.429,.214,.0,*/2
433,Salvador Perez\perezsa02,31,KCR,26,17,5,7.9,94,.231,.227,.239,.346,.317,.545,.395,.892,.713,147,.713,1.4,0.1,.941,.455,.318,.0,*/2
434,David Peterson*\peterda01,25,NYM,2,2,0,0.0,92,,.000,.228,.000,.313,.000,.394,.000,.707,-100,.000,-0.3,0.0,.000,.000,.000,,/1
435,Tommy Pham\phamth01,33,SDP,32,23,2,2.3,86,.182,.148,.221,.281,.303,.148,.381,.429,.684,32,.211,-2.2,-0.2,.435,.185,.000,.0,*/87H
436,Brett Phillips*\phillbr02,27,TBR,4,4,0,0.0,91,.000,.000,.236,.000,.314,.000,.390,.000,.704,-100,.000,-0.8,-0.1,.000,.000,.000,,/8
437,Kevin Pillar\pillake01,32,NYM,7,6,0,0.0,92,.167,.167,.228,.286,.313,.167,.394,.452,.706,34,.000,-0.5,-0.1,.500,.333,.000,.0,/H8
438,Manny Pina\pinama01,34,MIL,7,7,0,0.0,91,.000,.000,.227,.000,.311,.000,.392,.000,.703,-100,.000,-1.6,-0.2,.000,.000,.000,,/2
439,Chad Pinder\pindech01,29,OAK,10,7,2,7.7,85,.500,.300,.229,.300,.304,.600,.378,.900,.682,157,.702,0.6,0.1,.857,.300,.300,.0,/97H
440,Michael Pineda\pinedmi01,32,MIN,2,3,0,0.0,91,.000,.000,.236,.000,.314,.000,.390,.000,.704,-100,.000,-0.5,-0.1,.000,.000,.000,,/1
441,Stephen Piscotty\piscost01,30,OAK,23,15,2,3.6,85,.308,.211,.229,.348,.304,.316,.378,.664,.682,98,.369,0.3,0.0,.667,.263,.105,,*/9HD
442,Kevin Plawecki\plaweke01,30,BOS,7,4,1,6.7,95,.400,.333,.242,.429,.320,.333,.399,.762,.719,118,.649,0.2,0.0,.750,.000,.000,,/2
443,Gregory Polanco*\polangr01,29,PIT,25,18,1,1.5,92,.231,.150,.228,.320,.313,.200,.394,.520,.707,53,.105,-1.0,-0.1,.500,.300,.050,,*/9
444,Jorge Polanco#\polanjo01,27,MIN,33,27,1,1.0,91,.182,.133,.236,.212,.314,.200,.390,.412,.704,19,.053,-3.2,-0.3,.370,.167,.067,.0,*/46
445,AJ Pollock\polloaj01,33,LAD,29,21,2,2.5,92,.333,.222,.228,.276,.313,.259,.394,.535,.706,54,.240,-1.7,-0.2,.429,.111,.037,,*/78
446,Drew Pomeranz\pomerdr01,32,SDP,0,0,,,,,,,,,,,,,,.000,0.0,0.0,,,,,/1
447,Daniel Ponce de Leon\ponceda01,29,STL,2,2,0,0.0,92,,.000,.228,.000,.313,.000,.394,.000,.707,-100,.000,-0.5,-0.1,.000,.000,.000,,/1
448,Zach Pop\popza01,24,MIA,0,0,,,,,,,,,,,,,,.000,0.0,0.0,,,,,/1
449,Buster Posey\poseybu01,34,SFG,20,13,4,8.2,93,.364,.333,.229,.400,.314,.667,.396,1.067,.710,196,.729,2.2,0.2,1.077,.444,.333,.0,*/2
450,David Price*\priceda01,35,LAD,0,0,,,,,,,,,,,,,,.000,0.0,0.0,,,,,/1
451,Jurickson Profar#\profaju01,28,SDP,26,18,3,4.4,86,.286,.286,.221,.346,.303,.381,.381,.727,.684,114,.467,0.7,0.1,.750,.286,.095,.0,*/73
452,Albert Pujols\pujolal01,41,LAA,17,14,1,1.9,94,.071,.125,.240,.176,.318,.313,.397,.489,.716,34,.157,-1.6,-0.2,.429,.250,.188,.0,/3DH
453,Roman Quinn#\quinnro01,28,PHI,13,9,1,3.0,92,.333,.100,.228,.308,.313,.100,.394,.408,.707,24,.295,-0.9,-0.1,.667,.200,.000,.0,*/8H
454,Tanner Rainey\raineta01,28,WSN,0,0,,,,,,,,,,,,,,.000,0.0,0.0,,,,,/1
455,Luke Raley*\raleylu01,26,LAD,1,1,0,0.0,92,.000,.000,.228,.000,.313,.000,.394,.000,.707,-100,.000,-0.3,0.0,.000,.000,.000,,/9
456,Jose Ramirez#\ramirjo01,28,CLE,25,16,6,10.1,90,.350,.375,.235,.400,.312,.667,.388,1.067,.701,200,.795,2.9,0.3,1.125,.375,.292,1.3,*/5
457,Wilson Ramos\ramoswi01,33,DET,23,14,5,9.6,93,.286,.263,.238,.333,.316,.789,.394,1.123,.710,206,.780,2.5,0.2,1.214,.632,.526,.0,*/2D
458,Drew Rasmussen\rasmudr01,25,MIL,0,0,,,,,,,,,,,,,,.000,0.0,0.0,,,,,/1
459,J.T. Realmuto\realmjt01,30,PHI,27,16,6,9.9,92,.421,.360,.228,.407,.313,.560,.394,.967,.707,172,.794,2.4,0.2,1.000,.240,.200,.0,*/2H
460,Anthony Rendon\rendoan01,31,LAA,33,22,3,3.7,94,.318,.259,.240,.364,.318,.259,.397,.623,.716,79,.379,-0.5,0.0,.571,.185,.000,,*/5
461,Hunter Renfroe\renfrhu01,29,BOS,20,18,0,0.0,95,.188,.158,.241,.150,.320,.211,.399,.361,.719,0,.000,-2.5,-0.3,.235,.053,.053,,*/98
462,Alex Reyes\reyesal02,26,STL,0,0,,,,,,,,,,,,,,.000,0.0,0.0,,,,,/1
463,Franmil Reyes\reyesfr01,25,CLE,24,18,4,6.0,90,.267,.304,.235,.333,.312,.739,.388,1.072,.701,197,.598,2.6,0.3,1.000,.478,.435,.0,*/D
464,Victor Reyes#\reyesvi01,26,DET,12,11,0,0.0,93,.000,.083,.238,.083,.316,.333,.394,.417,.710,11,.000,-1.5,-0.2,.364,.250,.250,.0,/89
465,Bryan Reynolds#\reynobr01,26,PIT,27,21,2,2.5,92,.313,.240,.228,.296,.313,.400,.394,.696,.707,96,.240,-0.2,0.0,.571,.200,.160,.0,*/7H
466,Austin Riley\rileyau01,24,ATL,24,18,1,1.5,93,.333,.227,.230,.292,.315,.227,.398,.519,.713,50,.105,-1.5,-0.2,.389,.045,.000,,*/5
467,Edwin Rios*\riosed01,27,LAD,17,12,2,4.4,92,.286,.214,.228,.353,.313,.429,.394,.782,.707,122,.467,0.4,0.0,.750,.357,.214,.0,/H53D
468,Anthony Rizzo*\rizzoan01,31,CHC,28,21,3,3.8,90,.158,.174,.226,.286,.310,.348,.390,.634,.700,81,.398,-0.4,0.0,.650,.391,.174,1.0,*/3
469,Luis Robert\roberlu01,23,CHW,36,24,5,5.6,90,.333,.258,.235,.333,.312,.419,.388,.753,.701,115,.570,0.8,0.1,.783,.323,.161,1.0,*/8
470,Daniel Robertson\roberda10,27,MIL,9,8,0,0.0,91,.125,.111,.227,.111,.311,.111,.392,.222,.703,-36,.000,-1.6,-0.2,.125,.000,.000,,/5H4
471,Hansel Robles\robleha01,30,MIN,0,0,,,,,,,,,,,,,,.000,0.0,0.0,,,,,/1
472,Victor Robles\roblevi01,24,WSN,16,9,2,5.9,102,.333,.273,.241,.500,.329,.273,.417,.773,.746,118,.597,0.7,0.1,1.000,.364,.000,.0,/8
473,Richard Rodriguez\rodriri05,31,PIT,0,0,,,,,,,,,,,,,,.000,0.0,0.0,,,,,/1
474,Chaz Roe\roech01,34,TBR,0,0,,,,,,,,,,,,,,.000,0.0,0.0,,,,,/1
475,Taylor Rogers*\rogerta01,30,MIN,0,0,,,,,,,,,,,,,,.000,0.0,0.0,,,,,/1
476,Trevor Rogers*\rogertr01,23,MIA,1,1,0,0.0,94,.000,.000,.230,.000,.315,.000,.398,.000,.713,-100,.000,-0.3,0.0,.000,.000,.000,,/1
477,Tyler Rogers\rogerty01,30,SFG,0,0,,,,,,,,,,,,,,.000,0.0,0.0,,,,,/1
478,Jose Rojas*\rojasjo02,28,LAA,7,6,0,0.0,94,.000,.000,.240,.143,.319,.000,.397,.143,.716,-55,.000,-1.3,-0.1,.167,.167,.000,,/H59
479,Josh Rojas*\rojasjo01,27,ARI,30,25,0,0.0,93,.100,.074,.229,.167,.314,.074,.396,.241,.710,-28,.000,-4.7,-0.5,.200,.111,.000,,*/6H49
480,Miguel Rojas\rojasmi02,32,MIA,25,18,2,3.0,93,.250,.227,.230,.320,.315,.273,.398,.593,.713,70,.295,-0.8,-0.1,.611,.273,.045,.0,*/6
481,Sal Romano*\romansa01,27,CIN,1,1,0,0.0,102,.000,.000,.240,.000,.328,.000,.415,.000,.743,-100,.000,-0.3,0.0,.000,.000,.000,,/1
482,Brent Rooker\rookebr01,26,MIN,11,10,0,0.0,91,.200,.091,.236,.091,.313,.091,.390,.182,.704,-48,.000,-2.2,-0.2,.100,.000,.000,,/7H
483,Amed Rosario\rosaram01,25,CLE,13,8,2,6.7,90,.444,.333,.235,.385,.312,.333,.388,.718,.701,109,.649,0.1,0.0,.625,.083,.000,,/8H6
484,Eddie Rosario*\rosared01,29,CLE,24,18,2,3.0,90,.176,.200,.235,.292,.312,.350,.388,.642,.701,84,.295,-0.4,0.0,.588,.300,.150,.0,*/7
485,Joe Ross\rossjo01,28,WSN,2,2,0,0.0,102,,.000,.242,.000,.329,.000,.417,.000,.746,-100,.000,-0.6,-0.1,.000,.000,.000,,/1
486,Darin Ruf\rufda01,34,SFG,13,8,4,13.3,93,.143,.273,.229,.385,.314,.818,.396,1.203,.710,229,.868,1.8,0.2,1.500,.818,.545,1.3,/37DH
487,Rio Ruiz*\ruizri01,27,BAL,25,19,2,2.8,91,.250,.174,.236,.240,.314,.304,.390,.544,.704,55,.275,-1.5,-0.2,.474,.217,.130,.0,/45
488,Aaron Sanchez\sanchaa01,28,SFG,2,2,0,0.0,93,.000,.000,.230,.000,.314,.000,.396,.000,.710,-100,.000,-0.5,-0.1,.000,.000,.000,,/1
489,Gary Sanchez\sanchga02,28,NYY,24,15,5,9.0,88,.286,.286,.232,.375,.308,.619,.383,.994,.691,183,.758,2.3,0.2,1.067,.476,.333,.0,*/2
490,Pablo Sandoval#\sandopa01,34,ATL,5,2,5,66.3,93,,.500,.230,.600,.315,2.000,.398,2.600,.713,593,.992,2.6,0.2,4.500,1.750,1.500,.0,*/H
491,Miguel Sano\sanomi01,28,MIN,32,24,2,2.2,91,.167,.111,.236,.250,.314,.222,.390,.472,.704,37,.198,-2.3,-0.2,.458,.296,.111,.0,*/35
492,Carlos Santana#\santaca01,35,KCR,27,19,2,2.8,94,.235,.174,.239,.296,.317,.217,.395,.514,.713,48,.275,-1.5,-0.2,.474,.217,.043,,*/3
493,Anthony Santander#\santaan02,26,BAL,27,20,2,2.7,91,.313,.231,.236,.259,.313,.346,.390,.605,.704,71,.257,-1.2,-0.1,.500,.154,.115,.0,*/9
494,Max Scherzer\scherma01,36,WSN,2,2,0,0.0,102,.000,.000,.242,.000,.329,.000,.417,.000,.746,-100,.000,-0.6,-0.1,.000,.000,.000,,/1
495,Jonathan Schoop\schoojo01,29,DET,26,22,1,1.2,93,.188,.130,.238,.192,.316,.130,.394,.323,.710,-6,.075,-3.2,-0.3,.238,.087,.000,,/43
496,Corey Seager*\seageco01,27,LAD,36,19,7,9.8,92,.500,.367,.228,.472,.313,.467,.394,.939,.707,170,.789,3.3,0.3,1.053,.300,.100,,*/6
497,Kyle Seager*\seageky01,33,SEA,30,21,3,3.8,86,.300,.222,.230,.300,.306,.296,.379,.596,.685,76,.398,-0.7,-0.1,.524,.185,.074,,*/5
498,Jean Segura\segurje01,31,PHI,29,24,1,1.1,92,.300,.222,.228,.276,.313,.222,.394,.498,.706,45,.064,-2.1,-0.2,.375,.111,.000,.0,*/4
499,Marcus Semien\semiema01,30,TOR,37,27,5,5.0,91,.208,.229,.236,.270,.314,.486,.390,.756,.704,111,.516,0.1,0.0,.778,.371,.257,2.4,*/4D6
500,Antonio Senzatela\senzaan01,26,COL,4,4,0,0.0,105,.000,.000,.244,.000,.332,.000,.422,.000,.754,-100,.000,-0.9,-0.1,.000,.000,.000,,/1
501,Nick Senzel\senzeni01,26,CIN,21,11,4,9.6,102,.417,.313,.241,.476,.328,.500,.415,.976,.743,166,.785,1.8,0.2,1.182,.500,.188,,*/8H
502,Pedro Severino\severpe01,27,BAL,23,15,4,7.2,91,.500,.318,.236,.348,.313,.500,.390,.848,.704,139,.676,1.0,0.1,.800,.227,.182,.0,*/2
503,Travis Shaw*\shawtr01,31,MIL,20,13,4,8.2,91,.417,.316,.227,.350,.311,.526,.392,.876,.703,147,.729,1.1,0.1,.846,.263,.211,.0,*/53H
504,Jordan Sheffield\sheffjo01,26,COL,0,0,,,,,,,,,,,,,,.000,0.0,0.0,,,,,/1
505,Ryan Sherriff*\sherrry01,31,TBR,0,0,,,,,,,,,,,,,,.000,0.0,0.0,,,,,/1
506,Magneuris Sierra*\sierrma01,25,MIA,4,3,0,0.0,93,.333,.250,.230,.250,.315,.250,.398,.500,.713,42,.000,-0.3,0.0,.667,.250,.000,.0,*/H79
507,Andrelton Simmons\simmoan01,31,MIN,26,12,7,15.7,91,.600,.450,.236,.577,.314,.600,.390,1.177,.704,238,.897,4.5,0.4,1.500,.400,.150,,*/6H
508,Lucas Sims\simslu01,27,CIN,0,0,,,,,,,,,,,,,,.000,0.0,0.0,,,,,/1
509,Chance Sisco*\siscoch01,26,BAL,9,7,0,0.0,91,.667,.222,.236,.222,.314,.222,.390,.444,.704,28,.000,-0.9,-0.1,.286,.000,.000,,/2DH
510,Austin Slater\slateau01,28,SFG,30,22,2,2.4,93,.214,.154,.229,.267,.314,.269,.396,.536,.710,53,.224,-1.7,-0.2,.545,.308,.115,1.0,*/879
511,Aaron Slegers\slegeaa01,28,LAA,0,0,,,,,,,,,,,,,,.000,0.0,0.0,,,,,/1
512,Caleb Smith\smithca03,29,ARI,1,1,0,0.0,93,,.000,.229,.000,.314,.000,.396,.000,.710,-100,.000,-0.3,0.0,.000,.000,.000,,/1
513,Dominic Smith*\smithdo02,26,NYM,13,10,2,5.3,92,.250,.250,.228,.231,.313,.583,.394,.814,.707,122,.550,0.4,0.0,.778,.333,.333,.0,/7
514,Pavin Smith*\smithpa04,25,ARI,20,16,1,1.7,93,.313,.250,.229,.250,.314,.350,.396,.600,.710,68,.127,-0.9,-0.1,.438,.100,.100,,*/9H37
515,Riley Smith\smithri01,26,ARI,2,2,0,0.0,93,,.000,.230,.000,.314,.000,.396,.000,.710,-100,.000,-0.5,-0.1,.000,.000,.000,,/1
516,Will Smith\smithwi04,31,ATL,0,0,,,,,,,,,,,,,,.000,0.0,0.0,,,,,/1
517,Will Smith\smithwi05,26,LAD,24,15,6,10.6,92,.231,.278,.228,.417,.313,.722,.394,1.139,.706,217,.813,3.2,0.3,1.286,.667,.444,.0,*/2
518,Drew Smyly*\smylydr01,32,ATL,2,2,0,0.0,93,,.000,.231,.000,.315,.000,.398,.000,.713,-100,.000,-0.5,-0.1,.000,.000,.000,,/1
519,Blake Snell*\snellbl01,28,SDP,2,1,1,26.5,86,1.000,.500,.221,.500,.304,.500,.381,1.000,.685,196,.959,0.2,0.0,1.000,.000,.000,,/1
520,Eric Sogard*\sogarer01,35,CHC,11,9,1,3.0,90,.200,.182,.226,.182,.310,.455,.390,.636,.700,75,.295,-0.5,-0.1,.556,.273,.273,,/4H
521,Nick Solak\solakni01,26,TEX,29,20,3,4.0,89,.308,.208,.234,.345,.311,.333,.387,.678,.698,97,.421,0.0,0.0,.750,.250,.125,1.3,*/4
522,Donovan Solano\solando01,33,SFG,27,19,4,5.6,93,.474,.346,.229,.333,.314,.423,.396,.756,.710,113,.573,0.5,0.1,.667,.115,.077,.0,*/4
523,Jorge Soler\solerjo01,29,KCR,26,16,3,5.1,94,.222,.158,.239,.360,.317,.316,.395,.676,.713,93,.522,0.0,0.0,.750,.421,.158,.0,*/D9
524,Joakim Soria\soriajo01,37,ARI,0,0,,,,,,,,,,,,,,.000,0.0,0.0,,,,,/1
525,Edmundo Sosa\sosaed01,25,STL,1,2,0,0.0,92,.000,.000,.228,.000,.313,.000,.394,.000,.707,-100,.000,-0.3,0.0,.000,.000,.000,,/5H
526,Gregory Soto*\sotogr01,26,DET,0,0,,,,,,,,,,,,,,.000,0.0,0.0,,,,,/1
527,Juan Soto*\sotoju01,22,WSN,16,8,3,9.9,102,.444,.364,.241,.563,.329,.364,.417,.926,.746,158,.794,1.5,0.1,1.250,.455,.000,.0,/9
528,Jeffrey Springs*\sprinje01,28,TBR,0,0,,,,,,,,,,,,,,.000,0.0,0.0,,,,,/1
529,Jacob Stallings\stallja01,31,PIT,21,13,2,4.1,92,.273,.188,.228,.381,.313,.250,.394,.631,.706,85,.431,0.0,0.0,.692,.375,.063,,*/2H
530,Craig Stammen\stammcr01,37,SDP,2,1,1,26.5,86,1.000,.500,.221,.500,.304,.500,.381,1.000,.685,196,.959,0.2,0.0,1.000,.000,.000,,/1
531,Giancarlo Stanton\stantmi03,31,NYY,27,20,3,4.0,88,.278,.240,.232,.296,.308,.400,.383,.696,.691,101,.421,-0.1,0.0,.600,.240,.160,.0,*/D
532,Cody Stashak\stashco01,27,MIN,0,0,,,,,,,,,,,,,,.000,0.0,0.0,,,,,/1
533,Max Stassi\stassma01,30,LAA,17,10,4,10.8,94,.400,.357,.240,.471,.318,.571,.397,1.042,.716,192,.814,1.8,0.2,1.100,.429,.214,.0,*/2
534,Robert Stephenson\stephro01,28,COL,0,0,,,,,,,,,,,,,,.000,0.0,0.0,,,,,/1
535,Tyler Stephenson\stephty01,24,CIN,12,7,3,11.4,102,.444,.417,.241,.417,.328,.667,.415,1.083,.743,188,.831,1.3,0.1,1.143,.250,.250,.0,/2H
536,Andrew Stevenson*\stevean01,27,WSN,15,14,0,0.0,102,.182,.143,.242,.133,.329,.143,.417,.276,.745,-25,.000,-2.5,-0.2,.154,.000,.000,,/7
537,Trevor Story\storytr01,28,COL,36,28,3,2.8,105,.276,.229,.244,.250,.332,.343,.422,.593,.754,57,.281,-2.4,-0.2,.464,.114,.114,,*/6
538,Stephen Strasburg\strasst01,32,WSN,1,0,2,,102,1.000,1.000,.242,1.000,.329,2.000,.417,3.000,.746,684,.000,0.8,0.1,,1.000,1.000,,/1
539,Chris Stratton\stratch01,30,PIT,0,0,,,,,,,,,,,,,,.000,0.0,0.0,,,,,/1
540,Myles Straw\strawmy01,26,HOU,32,22,3,3.7,90,.292,.259,.235,.375,.312,.259,.388,.634,.701,87,.379,-0.3,0.0,.591,.185,.000,.0,*/8
541,Marcus Stroman\stromma01,30,NYM,2,2,0,0.0,92,.000,.000,.228,.000,.313,.000,.394,.000,.707,-100,.000,-0.5,-0.1,.000,.000,.000,,/1
542,Eugenio Suarez\suareeu01,29,CIN,29,21,3,3.8,102,.167,.136,.241,.310,.328,.318,.415,.629,.743,71,.398,-0.7,-0.1,.650,.455,.182,.0,*/6
543,Wander Suero\suerowa01,29,WSN,0,0,,,,,,,,,,,,,,.000,0.0,0.0,,,,,/1
544,Brent Suter*\suterbr01,31,MIL,1,1,0,0.0,91,,.000,.227,.000,.311,.000,.392,.000,.703,-100,.000,-0.3,0.0,.000,.000,.000,,/1
545,Kurt Suzuki\suzukku01,37,LAA,12,10,0,0.0,94,.333,.111,.240,.273,.319,.111,.397,.384,.716,14,.000,-1.0,-0.1,.333,.222,.000,,/2
546,Dansby Swanson\swansda01,27,ATL,25,21,1,1.3,93,.167,.125,.230,.160,.315,.250,.398,.410,.713,14,.081,-2.9,-0.3,.333,.167,.125,.0,*/6
547,Anthony Swarzak\swarzan01,35,ARI,0,0,,,,,,,,,,,,,,.000,0.0,0.0,,,,,/1
548,Raimel Tapia*\tapiara01,27,COL,28,22,2,2.4,105,.208,.214,.244,.214,.332,.321,.422,.536,.754,41,.224,-2.6,-0.3,.409,.107,.107,.0,*/7H
549,Fernando Tatis Jr.\tatisfe02,22,SDP,21,16,2,3.3,86,.200,.167,.221,.286,.303,.333,.381,.619,.684,82,.341,-0.4,0.0,.563,.278,.167,.0,*/6
550,Mike Tauchman*\tauchmi01,30,NYY,4,4,0,0.0,88,.000,.000,.232,.000,.309,.000,.383,.000,.692,-100,.000,-1.0,-0.1,.500,.500,.000,.0,/7H
551,Leody Taveras#\taverle01,22,TEX,23,20,0,0.0,89,.200,.091,.234,.130,.311,.091,.387,.221,.698,-35,.000,-3.9,-0.4,.150,.045,.000,,*/8H
552,Chris Taylor\tayloch03,30,LAD,26,12,5,11.1,92,.500,.294,.228,.538,.313,.412,.394,.950,.706,177,.824,3.0,0.3,1.333,.529,.118,,*/8479
553,Michael A. Taylor\taylomi02,30,KCR,24,14,7,13.5,94,.412,.391,.239,.417,.317,.696,.395,1.112,.713,207,.868,3.0,0.3,1.214,.348,.304,.0,*/8
554,Anderson Tejeda#\tejedan01,23,TEX,3,3,0,0.0,90,,.000,.234,.000,.311,.000,.387,.000,.698,-100,.000,-0.8,-0.1,.000,.000,.000,,/5
555,Rowdy Tellez*\tellero01,26,TOR,18,16,0,0.0,91,.000,.000,.236,.111,.314,.000,.390,.111,.704,-65,.000,-3.5,-0.4,.125,.063,.000,,/DH3
556,Ryan Tepera\teperry01,33,CHC,0,0,,,,,,,,,,,,,,.000,0.0,0.0,,,,,/1
557,Ryan Thompson\thompry02,29,TBR,0,0,,,,,,,,,,,,,,.000,0.0,0.0,,,,,/1
558,Ka'ai Tom*\tomka01,27,OAK,10,9,0,0.0,85,.143,.100,.229,.100,.304,.100,.378,.200,.682,-41,.000,-1.8,-0.2,.111,.000,.000,,/9HD71
559,Josh Tomlin\tomlijo01,36,ATL,0,0,,,,,,,,,,,,,,.000,0.0,0.0,,,,,/1
560,Luis Torrens\torrelu01,25,SEA,15,12,1,2.2,86,.500,.333,.230,.333,.306,.467,.379,.800,.685,132,.198,0.6,0.1,.583,.133,.133,,*/2
561,Gleyber Torres\torregl01,24,NYY,31,21,3,3.8,88,.368,.250,.232,.323,.308,.286,.383,.608,.691,79,.398,-0.7,-0.1,.524,.143,.036,,*/6
562,Ronald Torreyes\torrero01,28,PHI,1,1,0,0.0,92,,.000,.228,.000,.313,.000,.394,.000,.707,-100,.000,-0.3,0.0,.000,.000,.000,,/H6
563,Taylor Trammell*\trammta01,23,SEA,25,18,1,1.5,86,.333,.105,.230,.320,.306,.158,.379,.478,.685,46,.105,-1.0,-0.1,.500,.316,.053,,*/8
564,Blake Treinen\treinbl01,33,LAD,0,0,,,,,,,,,,,,,,.000,0.0,0.0,,,,,/1
565,Jose Trevino\trevijo01,28,TEX,20,13,2,4.1,89,.467,.350,.234,.350,.311,.350,.387,.700,.698,103,.432,-0.1,0.0,.538,.000,.000,,*/2
566,Mike Trout\troutmi01,29,LAA,37,16,15,25.2,94,.563,.429,.240,.568,.318,.857,.397,1.425,.716,294,.954,8.2,0.8,2.063,.750,.429,.0,*/8
567,Yoshi Tsutsugo*\tsutsyo01,29,TBR,25,18,2,3.0,91,.267,.190,.236,.292,.314,.238,.390,.530,.704,54,.295,-1.2,-0.1,.471,.190,.048,,*/3DH
568,Kyle Tucker*\tuckeky01,24,HOU,37,29,4,3.7,90,.115,.182,.235,.216,.312,.485,.388,.701,.701,94,.383,-0.4,0.0,.667,.364,.303,.0,*/9
569,Justin Turner\turneju01,36,LAD,33,19,9,12.6,92,.435,.414,.228,.455,.313,.724,.394,1.179,.707,229,.856,5.2,0.5,1.333,.414,.310,.0,*/5D
570,Trea Turner\turnetr01,28,WSN,16,13,2,4.1,102,.100,.200,.241,.250,.329,.667,.417,.917,.745,136,.431,0.6,0.1,.846,.467,.467,.0,/6
571,Duane Underwood Jr.\underdu01,26,PIT,0,0,,,,,,,,,,,,,,.000,0.0,0.0,,,,,/1
572,Justin Upton\uptonju01,33,LAA,35,28,2,1.9,94,.227,.194,.240,.257,.319,.323,.397,.580,.716,62,.157,-1.6,-0.2,.481,.194,.129,.0,*/7
573,Julio Urias*\uriasju01,24,LAD,3,3,0,0.0,92,.000,.000,.228,.000,.313,.000,.394,.000,.707,-100,.000,-0.5,-0.1,.000,.000,.000,,/1
574,Luis Urias\uriaslu01,24,MIL,23,19,1,1.4,91,.154,.095,.227,.174,.311,.143,.392,.317,.703,-8,.097,-3.0,-0.3,.263,.143,.048,,*/6H
575,Ramon Urias\uriasra01,27,BAL,6,5,0,0.0,91,1.000,.167,.236,.167,.314,.167,.390,.333,.704,-4,.000,-0.8,-0.1,.200,.000,.000,,/4
576,Gio Urshela\urshegi01,29,NYY,24,17,2,3.2,88,.353,.261,.232,.292,.308,.304,.383,.596,.691,74,.318,-0.8,-0.1,.471,.087,.043,,*/5
577,Pat Valaika\valaipa01,28,BAL,10,8,0,0.0,91,.143,.111,.236,.200,.314,.111,.390,.311,.704,-8,.000,-1.3,-0.1,.250,.111,.000,,/4H37
578,Josh VanMeter*\vanmejo01,26,ARI,11,10,0,0.0,93,.222,.182,.229,.182,.314,.182,.396,.364,.710,4,.000,-1.5,-0.1,.200,.000,.000,,/H49
579,Andrew Vaughn\vaughan01,23,CHW,17,11,1,2.5,90,.286,.154,.235,.353,.312,.231,.388,.584,.701,72,.225,-0.2,0.0,.636,.308,.077,,*/7
580,Christian Vazquez\vazquch01,30,BOS,26,14,10,19.2,95,.474,.458,.242,.500,.320,.833,.399,1.333,.719,265,.927,5.3,0.5,1.714,.542,.375,2.0,*/2DH
581,Vince Velasquez\velasvi01,29,PHI,0,0,,,,,,,,,,,,,,.000,0.0,0.0,,,,,/1
582,Alex Verdugo*\verdual01,25,BOS,27,20,3,4.0,95,.250,.208,.242,.259,.320,.375,.399,.634,.719,75,.421,-0.6,-0.1,.579,.208,.167,,*/879
583,Jonathan Villar#\villajo01,30,NYM,11,8,2,6.6,92,.429,.273,.228,.273,.313,.545,.394,.818,.707,126,.648,0.2,0.0,.750,.273,.273,,/H45
584,Daniel Vogelbach*\vogelda01,28,MIL,9,6,1,4.4,91,.167,.143,.227,.333,.311,.143,.392,.476,.703,44,.467,-0.4,0.0,.500,.286,.000,,*/H3
585,Stephen Vogt*\vogtst01,36,ARI,16,12,2,4.4,93,.125,.200,.229,.250,.314,.600,.396,.850,.710,131,.467,0.4,0.0,.833,.467,.400,.0,*/2H
586,Joey Votto*\vottojo01,37,CIN,31,25,1,1.1,102,.192,.167,.241,.194,.327,.167,.415,.360,.743,-1,.060,-4.3,-0.4,.240,.033,.000,,*/3
587,Tyler Wade*\wadety01,26,NYY,3,2,0,0.0,88,.500,.333,.232,.333,.308,.333,.383,.667,.691,95,.000,0.0,0.0,.500,.000,.000,,/4HD6
588,Adam Wainwright\wainwad01,39,STL,2,2,0,0.0,92,,.000,.228,.000,.313,.000,.394,.000,.707,-100,.000,-0.5,-0.1,.000,.000,.000,,/1
589,Christian Walker\walkech02,30,ARI,35,28,2,1.9,93,.136,.129,.229,.229,.314,.258,.396,.487,.710,38,.156,-2.7,-0.3,.429,.258,.129,.0,*/3
590,Taijuan Walker\walketa01,28,NYM,2,3,0,0.0,92,.000,.000,.228,.000,.313,.000,.394,.000,.707,-100,.000,-0.5,-0.1,.000,.000,.000,,/1
591,Chad Wallach\wallach01,29,MIA,10,8,1,3.3,93,.333,.222,.230,.200,.315,.222,.398,.422,.713,19,.341,-0.9,-0.1,.286,.000,.000,,/2
592,Jared Walsh*\walshja01,27,LAA,28,15,10,17.9,94,.333,.375,.240,.464,.319,.833,.397,1.298,.716,256,.918,4.8,0.5,1.600,.583,.458,.0,*/3H9
593,Ryan Weathers\weathry01,21,SDP,1,1,0,0.0,86,.000,.000,.221,.000,.303,.000,.381,.000,.684,-100,.000,-0.3,0.0,.000,.000,.000,,/1
594,Luke Weaver\weavelu01,27,ARI,2,1,1,26.5,93,1.000,.500,.230,.500,.314,.500,.396,1.000,.710,186,.959,0.2,0.0,1.000,.000,.000,,/1
595,Tyler Webb*\webbty01,30,STL,0,0,,,,,,,,,,,,,,.000,0.0,0.0,,,,,/1
596,Joey Wendle*\wendljo01,31,TBR,20,15,3,5.4,91,.385,.300,.236,.300,.314,.550,.390,.850,.704,137,.551,0.8,0.1,.733,.250,.250,.0,*/5H6
597,Zack Wheeler*\wheelza01,31,PHI,5,3,1,8.8,92,.667,.400,.228,.400,.313,.600,.394,1.000,.706,180,.757,0.5,0.1,1.000,.200,.200,,/1
598,Eli White\whiteel04,27,TEX,16,11,1,2.5,89,.333,.214,.234,.313,.311,.214,.387,.527,.698,56,.225,-0.8,-0.1,.455,.143,.000,,/78D9
599,Evan White\whiteev01,25,SEA,24,20,1,1.4,86,.188,.130,.230,.167,.306,.217,.379,.384,.685,12,.089,-2.6,-0.3,.300,.087,.087,,*/3
600,Taylor Widener*\widenta01,26,ARI,4,3,0,0.0,93,,.000,.229,.250,.314,.000,.396,.250,.710,-20,.000,-0.5,0.0,.333,.333,.000,,/1
601,Devin Williams\willide03,26,MIL,0,0,,,,,,,,,,,,,,.000,0.0,0.0,,,,,/1
602,Justin Williams*\williju02,25,STL,15,13,0,0.0,92,.143,.071,.228,.133,.313,.071,.394,.205,.707,-39,.000,-2.6,-0.3,.154,.071,.000,,*/9H
603,Nick Williams*\willini01,27,CHW,4,4,0,0.0,90,.000,.000,.235,.250,.312,.000,.388,.250,.701,-20,.000,-0.5,0.0,.250,.000,.000,,/7
604,Taylor Williams#\willita01,29,SDP,0,0,,,,,,,,,,,,,,.000,0.0,0.0,,,,,/1
605,Trevor Williams\willitr01,29,CHC,2,2,0,0.0,90,,.000,.226,.000,.310,.000,.390,.000,.700,-100,.000,-0.5,-0.1,.000,.000,.000,,/1
606,Cody Wilson\wilsoco01,24,WSN,1,1,0,0.0,102,.000,.000,.242,.000,.329,.000,.417,.000,.746,-100,.000,-0.3,0.0,.000,.000,.000,,/H
607,Jesse Winker*\winkeje01,27,CIN,12,5,5,26.5,102,.750,.545,.240,.583,.328,.727,.415,1.311,.743,253,.959,2.4,0.2,1.800,.273,.182,,/7
608,Dan Winkler\winklda01,31,CHC,0,0,,,,,,,,,,,,,,.000,0.0,0.0,,,,,/1
609,Matt Wisler\wislema01,28,SFG,0,0,,,,,,,,,,,,,,.000,0.0,0.0,,,,,/1
610,Tony Wolters*\wolteto01,29,CHC,4,4,0,0.0,90,.000,.000,.226,.250,.310,.000,.390,.250,.700,-19,.000,-0.5,0.0,.250,.333,.000,,/2H
611,Kolten Wong*\wongko01,30,MIL,26,17,2,3.1,91,.154,.105,.227,.346,.311,.105,.392,.451,.703,38,.317,-1.2,-0.1,.588,.316,.000,.0,*/4
612,Jake Woodford\woodfja01,24,STL,1,1,0,0.0,92,,.000,.228,.000,.313,.000,.394,.000,.707,-100,.000,-0.3,0.0,.000,.000,.000,,/1
613,Brandon Woodruff*\woodrbr01,28,MIL,4,4,0,0.0,91,.000,.000,.227,.000,.311,.000,.392,.000,.703,-100,.000,-0.8,-0.1,.000,.000,.000,,/1
614,Brandon Workman\workmbr01,32,CHC,0,0,,,,,,,,,,,,,,.000,0.0,0.0,,,,,/1
615,Ryan Yarbrough\yarbrry01,29,TBR,2,2,0,0.0,91,.000,.000,.236,.000,.314,.000,.390,.000,.704,-100,.000,-0.5,-0.1,.000,.000,.000,,/1
616,Eric Yardley\yardler01,30,MIL,0,0,,,,,,,,,,,,,,.000,0.0,0.0,,,,,/1
617,Mike Yastrzemski*\yastrmi01,30,SFG,28,23,1,1.2,93,.154,.120,.229,.214,.314,.240,.396,.454,.710,29,.069,-2.5,-0.2,.435,.280,.120,1.0,*/9H
618,Christian Yelich*\yelicch01,29,MIL,30,18,4,5.9,91,.538,.280,.227,.400,.311,.320,.392,.720,.703,110,.597,0.6,0.1,.778,.240,.040,.0,*/7
619,Huascar Ynoa\ynoahu01,23,ATL,2,2,0,0.0,93,.000,.000,.231,.000,.315,.000,.398,.000,.713,-100,.000,-0.5,-0.1,.000,.000,.000,,/1
620,Alex Young*\youngal01,27,ARI,0,0,,,,,,,,,,,,,,.000,0.0,0.0,,,,,/1
621,Ryan Zimmerman\zimmery01,36,WSN,13,8,2,6.6,102,.556,.385,.242,.385,.329,.462,.417,.846,.745,128,.648,0.4,0.0,.750,.077,.077,,/3H
622,Mike Zunino\zuninmi01,30,TBR,19,14,2,3.8,91,.091,.125,.236,.263,.313,.313,.390,.576,.704,64,.398,-0.8,-0.1,.571,.313,.188,.0,*/2
623,LgAvg per 600 PA,,,600,426,76,4.7,92,.285,.231,.233,.310,.314,.387,.393,.698,.707,97,.497,-1,0,.658,.273,.157,11,
